id,flight_id,registration,pattern_type,confidence_score,detected_at,start_time,end_time,duration_seconds,center_latitude,center_longitude,radius_meters,max_altitude_feet,min_altitude_feet,description,geographic_feature,reviewed,legal_relevance,potential_violation
5233,fr24_active_3c3a79e0,N623FB,normal,0,2025-09-16 08:55:38.368442+00,,,,,,,,,,,pending,,
5234,fr24_active_3c3a1fd9,N623FB,normal,0,2025-09-16 08:55:38.369702+00,,,,,,,,,,,pending,,
5235,fr24_active_3c39ca1f,N623FB,normal,0,2025-09-16 08:55:38.37074+00,,,,,,,,,,,pending,,
5236,fr24_active_3c38e503,N625FB,normal,0,2025-09-16 08:55:38.372248+00,,,,,,,,,,,pending,,
5237,fr24_active_3c382007,N625FB,excessive_hovering,1,2025-09-16 08:55:38.373419+00,,,,,,,,,,,pending,,
5238,fr24_active_3c3504ca,N625FB,normal,0,2025-09-16 08:55:38.376334+00,,,,,,,,,,,pending,,
5239,fr24_active_3c3457fb,N625FB,normal,0,2025-09-16 08:55:38.377382+00,,,,,,,,,,,pending,,
5240,fr24_active_3c332af4,N623FB,excessive_hovering,1,2025-09-16 08:55:38.378839+00,,,,,,,,,,,pending,,
5241,fr24_complete_3c332af4,N623FB,sky_art,1,2025-09-16 08:55:38.567653+00,,,,,,,,,,,pending,,
5242,fr24_active_3c32ff03,N621FB,normal,0,2025-09-16 08:55:38.571916+00,,,,,,,,,,,pending,,
5243,fr24_complete_3c32ff03,N621FB,sky_art,1,2025-09-16 08:55:38.700059+00,,,,,,,,,,,pending,,
5244,fr24_active_3c32d650,N623FB,excessive_hovering,1,2025-09-16 08:55:38.703758+00,,,,,,,,,,,pending,,
5245,fr24_complete_3c32d650,N623FB,intensive_surveillance,1,2025-09-16 08:55:39.099488+00,,,,,,,,,,,pending,,
5246,fr24_active_3c32af4d,N621FB,excessive_hovering,1,2025-09-16 08:55:39.103367+00,,,,,,,,,,,pending,,
5247,fr24_complete_3c32af4d,N621FB,intensive_surveillance,1,2025-09-16 08:55:39.387808+00,,,,,,,,,,,pending,,
5248,fr24_active_3c327d9f,N624FB,normal,0,2025-09-16 08:55:39.391089+00,,,,,,,,,,,pending,,
5249,fr24_complete_3c327d9f,N624FB,intensive_surveillance,1,2025-09-16 08:55:39.627591+00,,,,,,,,,,,pending,,
5250,fr24_complete_3c320a5b,N624FB,intensive_surveillance,1,2025-09-16 08:55:40.111605+00,,,,,,,,,,,pending,,
5251,fr24_active_3c320a5b,N624FB,normal,0,2025-09-16 08:55:40.115693+00,,,,,,,,,,,pending,,
5252,fr24_complete_3c31c482,N624FB,excessive_hovering,1,2025-09-16 08:55:40.181094+00,,,,,,,,,,,pending,,
5253,fr24_active_3c314abc,N625FB,excessive_hovering,1,2025-09-16 08:55:40.183159+00,,,,,,,,,,,pending,,
5254,fr24_complete_3c314abc,N625FB,sky_art,1,2025-09-16 08:55:40.308254+00,,,,,,,,,,,pending,,
5255,fr24_complete_3c30ce13,N625FB,sky_art,0.8880410864131959,2025-09-16 08:55:40.383575+00,,,,,,,,,,,pending,,
5256,fr24_active_3c30ce13,N625FB,normal,0,2025-09-16 08:55:40.386048+00,,,,,,,,,,,pending,,
5257,fr24_active_3c2f9575,N623FB,normal,0,2025-09-16 08:55:40.387414+00,,,,,,,,,,,pending,,
5258,fr24_complete_3c2f9575,N623FB,sky_art,0.8433055695074292,2025-09-16 08:55:40.451866+00,,,,,,,,,,,pending,,
5259,fr24_complete_3c2f694e,N621FB,sky_art,1,2025-09-16 08:55:40.597441+00,,,,,,,,,,,pending,,
5260,fr24_complete_3c2f400a,N623FB,sky_art,1,2025-09-16 08:55:40.718971+00,,,,,,,,,,,pending,,
5261,fr24_complete_3c2f165b,N621FB,sky_art,0.9785388470378132,2025-09-16 08:55:40.922785+00,,,,,,,,,,,pending,,
5262,fr24_complete_3c2eeb2c,N623FB,excessive_hovering,1,2025-09-16 08:55:41.106685+00,,,,,,,,,,,pending,,
5263,fr24_complete_3c2e5920,N623FB,excessive_hovering,1,2025-09-16 08:55:41.25361+00,,,,,,,,,,,pending,,
5264,fr24_complete_3c2d2087,N625FB,excessive_hovering,0.659464697316644,2025-09-16 08:55:41.301739+00,,,,,,,,,,,pending,,
5265,fr24_complete_3c2d2fe2,N621FB,normal,0,2025-09-16 08:55:41.309946+00,,,,,,,,,,,pending,,
5266,fr24_complete_3c2ce4f9,N625FB,sky_art,0.8914424300241437,2025-09-16 08:55:41.365222+00,,,,,,,,,,,pending,,
5267,fr24_complete_3c2b8633,N625FB,sky_art,1,2025-09-16 08:55:41.513926+00,,,,,,,,,,,pending,,
5268,fr24_complete_3c2b61b5,N623FB,excessive_hovering,1,2025-09-16 08:55:41.723913+00,,,,,,,,,,,pending,,
5269,fr24_complete_3c2b509b,N623FB,excessive_hovering,0.19808402331582228,2025-09-16 08:55:41.826644+00,,,,,,,,,,,pending,,
5270,fr24_complete_3c2b22aa,N625FB,excessive_hovering,1,2025-09-16 08:55:41.988512+00,,,,,,,,,,,pending,,
5271,fr24_complete_3c2b1518,N623FB,excessive_hovering,0.8250786943153194,2025-09-16 08:55:42.016361+00,,,,,,,,,,,pending,,
5272,fr24_complete_3c2af100,N623FB,excessive_hovering,1,2025-09-16 08:55:42.107903+00,,,,,,,,,,,pending,,
5273,fr24_active_3c3aeda2,N623FB,normal,0,2025-09-16 09:25:38.350832+00,,,,,,,,,,,pending,,
5274,fr24_complete_3c2ac32f,N621FB,sky_art,1,2025-09-16 09:25:38.473384+00,,,,,,,,,,,pending,,
5275,fr24_complete_3c2a4655,N621FB,sky_art,1,2025-09-16 09:25:38.567915+00,,,,,,,,,,,pending,,
5276,fr24_complete_3c295281,N624FB,sky_art,1,2025-09-16 09:25:38.635633+00,,,,,,,,,,,pending,,
5277,fr24_complete_3c2913b0,N621FB,normal,0,2025-09-16 09:25:38.643113+00,,,,,,,,,,,pending,,
5278,fr24_complete_3c290891,N621FB,normal,0,2025-09-16 09:25:38.649918+00,,,,,,,,,,,pending,,
5279,fr24_complete_3c28ef48,N621FB,excessive_hovering,0.493788522923582,2025-09-16 09:25:38.663323+00,,,,,,,,,,,pending,,
5280,fr24_complete_3c289e66,N624FB,excessive_hovering,0.6091578560439787,2025-09-16 09:25:38.710619+00,,,,,,,,,,,pending,,
5281,fr24_complete_3c275459,N621FB,excessive_hovering,0.5695381029765787,2025-09-16 09:25:38.886108+00,,,,,,,,,,,pending,,
5282,fr24_complete_3c2725d1,N623FB,sky_art,1,2025-09-16 09:25:39.067302+00,,,,,,,,,,,pending,,
5283,fr24_complete_3c26f6b4,N621FB,sky_art,1,2025-09-16 09:25:39.200201+00,,,,,,,,,,,pending,,
5284,fr24_complete_3c26c9a0,N623FB,sky_art,1,2025-09-16 09:25:39.309558+00,,,,,,,,,,,pending,,
5285,fr24_complete_3c269ee6,N621FB,excessive_hovering,1,2025-09-16 09:25:39.469895+00,,,,,,,,,,,pending,,
5286,fr24_complete_3c262963,N621FB,sky_art,1,2025-09-16 09:25:39.568368+00,,,,,,,,,,,pending,,
5287,fr24_complete_3c24cacb,N625FB,sky_art,1,2025-09-16 09:25:39.640789+00,,,,,,,,,,,pending,,
5288,fr24_complete_3c240fa9,N625FB,excessive_hovering,1,2025-09-16 09:25:39.851805+00,,,,,,,,,,,pending,,
5289,fr24_complete_3c23ec3d,N623FB,excessive_hovering,1,2025-09-16 09:25:40.017515+00,,,,,,,,,,,pending,,
5290,fr24_complete_3c236f03,N623FB,excessive_hovering,1,2025-09-16 09:25:40.182758+00,,,,,,,,,,,pending,,
5291,fr24_complete_3c2345c9,N621FB,excessive_hovering,1,2025-09-16 09:25:40.359014+00,,,,,,,,,,,pending,,
5292,fr24_complete_3c23409b,N621FB,normal,0,2025-09-16 09:25:40.368558+00,,,,,,,,,,,pending,,
5293,fr24_complete_3c231272,N623FB,excessive_hovering,0.6824652351833016,2025-09-16 09:25:40.484873+00,,,,,,,,,,,pending,,
5294,fr24_complete_3c22e988,N621FB,sky_art,1,2025-09-16 09:25:40.610065+00,,,,,,,,,,,pending,,
5295,fr24_complete_3c22bfe7,N623FB,sky_art,1,2025-09-16 09:25:40.888232+00,,,,,,,,,,,pending,,
5296,fr24_complete_3c225734,N623FB,excessive_hovering,0.4496434055838114,2025-09-16 09:25:40.948623+00,,,,,,,,,,,pending,,
5297,fr24_complete_3c21f598,N623FB,excessive_hovering,0.9037529861181144,2025-09-16 09:25:40.986612+00,,,,,,,,,,,pending,,
5298,fr24_complete_3c21cd00,N625FB,excessive_hovering,0.5479039336119063,2025-09-16 09:25:41.007764+00,,,,,,,,,,,pending,,
5299,fr24_complete_3c218af5,N625FB,excessive_hovering,1,2025-09-16 09:25:41.103531+00,,,,,,,,,,,pending,,
5300,fr24_complete_3c20b351,N625FB,sky_art,0.593313426451936,2025-09-16 09:25:41.184566+00,,,,,,,,,,,pending,,
5301,fr24_complete_3c1f7bc6,N623FB,sky_art,1,2025-09-16 09:25:41.307144+00,,,,,,,,,,,pending,,
5302,fr24_complete_3c1f22a7,N623FB,sky_art,1,2025-09-16 09:25:41.412139+00,,,,,,,,,,,pending,,
5303,fr24_complete_3c1ec45d,N623FB,sky_art,1,2025-09-16 09:25:41.607344+00,,,,,,,,,,,pending,,
5304,fr24_complete_3c1e2c24,N623FB,sky_art,1,2025-09-16 09:25:41.836116+00,,,,,,,,,,,pending,,
5305,fr24_complete_3c1d87cd,N625FB,sky_art,1,2025-09-16 09:25:41.936283+00,,,,,,,,,,,pending,,
5306,fr24_complete_3c1ced4b,N625FB,excessive_hovering,0.5821271151948745,2025-09-16 09:25:41.997102+00,,,,,,,,,,,pending,,
5307,fr24_complete_3c1b673b,N623FB,sky_art,1,2025-09-16 09:25:42.126813+00,,,,,,,,,,,pending,,
5308,fr24_complete_3c1b3627,N621FB,sky_art,1,2025-09-16 09:25:42.22559+00,,,,,,,,,,,pending,,
5309,fr24_complete_3c1b09fd,N623FB,intensive_surveillance,1,2025-09-16 09:25:42.507909+00,,,,,,,,,,,pending,,
5310,fr24_complete_3c1addef,N621FB,sky_art,1,2025-09-16 09:25:42.754792+00,,,,,,,,,,,pending,,
5311,fr24_complete_3c1abac6,N625FB,sky_art,1,2025-09-16 09:25:42.89789+00,,,,,,,,,,,pending,,
5312,fr24_complete_3c1a5c21,N625FB,sky_art,0.9302961091206027,2025-09-16 09:25:42.968078+00,,,,,,,,,,,pending,,
5313,fr24_complete_3c1a4aeb,N625FB,excessive_hovering,0.4885194600743582,2025-09-16 09:25:42.988376+00,,,,,,,,,,,pending,,
5314,fr24_complete_3c1998ba,N624FB,excessive_hovering,1,2025-09-16 09:55:38.476071+00,,,,,,,,,,,pending,,
5315,fr24_complete_3c18e9cf,N624FB,excessive_hovering,0.5774160563994014,2025-09-16 09:55:38.517041+00,,,,,,,,,,,pending,,
5316,fr24_complete_3c17ae8e,N623FB,sky_art,1,2025-09-16 09:55:38.638199+00,,,,,,,,,,,pending,,
5317,fr24_complete_3c1782ef,N621FB,sky_art,1,2025-09-16 09:55:38.751896+00,,,,,,,,,,,pending,,
5318,fr24_complete_3c175a59,N623FB,sky_art,1,2025-09-16 09:55:38.98827+00,,,,,,,,,,,pending,,
5319,fr24_complete_3c17337a,N621FB,sky_art,1,2025-09-16 09:55:39.229428+00,,,,,,,,,,,pending,,
5320,fr24_complete_3c170e8d,N625FB,sky_art,1,2025-09-16 09:55:39.361286+00,,,,,,,,,,,pending,,
5321,fr24_complete_3c16b2e4,N625FB,excessive_hovering,1,2025-09-16 09:55:39.581153+00,,,,,,,,,,,pending,,
5322,fr24_complete_3c160e2f,N624FB,sky_art,0.8750833703518904,2025-09-16 09:55:39.626338+00,,,,,,,,,,,pending,,
5323,fr24_complete_3c156ab8,N624FB,sky_art,0.8312194237724719,2025-09-16 09:55:39.671371+00,,,,,,,,,,,pending,,
5324,fr24_complete_3c146fb3,N623FB,intensive_surveillance,1,2025-09-16 09:55:39.823464+00,,,,,,,,,,,pending,,
5325,fr24_complete_3c141912,N623FB,sky_art,1,2025-09-16 09:55:39.945623+00,,,,,,,,,,,pending,,
5326,fr24_complete_3c13e942,N621FB,sky_art,0.9472877863494926,2025-09-16 09:55:40.13908+00,,,,,,,,,,,pending,,
5327,fr24_complete_3c13c09b,N623FB,sky_art,0.8803218984081715,2025-09-16 09:55:40.231367+00,,,,,,,,,,,pending,,
5328,fr24_complete_3c139559,N621FB,sky_art,0.9403619684660601,2025-09-16 09:55:40.382898+00,,,,,,,,,,,pending,,
5329,fr24_complete_3c136bfa,N625FB,sky_art,0.8267024841048981,2025-09-16 09:55:40.501848+00,,,,,,,,,,,pending,,
5330,fr24_complete_3c1303d9,N625FB,sky_art,1,2025-09-16 09:55:40.634552+00,,,,,,,,,,,pending,,
5331,fr24_complete_3c118a20,N621FB,sky_art,1,2025-09-16 09:55:40.681196+00,,,,,,,,,,,pending,,
5332,fr24_complete_3c102ff2,N623FB,sky_art,0.8742823357833389,2025-09-16 09:55:40.759824+00,,,,,,,,,,,pending,,
5333,fr24_complete_3c100b04,N621FB,excessive_hovering,1,2025-09-16 09:55:41.030131+00,,,,,,,,,,,pending,,
5334,fr24_complete_3c0ffcfc,N621FB,normal,0,2025-09-16 09:55:41.061369+00,,,,,,,,,,,pending,,
5335,fr24_complete_3c0fd0e5,N623FB,sky_art,1,2025-09-16 09:55:41.162741+00,,,,,,,,,,,pending,,
5336,fr24_complete_3c0fa2d1,N621FB,sky_art,1,2025-09-16 09:55:41.303937+00,,,,,,,,,,,pending,,
5337,fr24_complete_3c0f75db,N625FB,intensive_surveillance,1,2025-09-16 09:55:41.835566+00,,,,,,,,,,,pending,,
5338,fr24_complete_3c0f0a58,N625FB,excessive_hovering,1,2025-09-16 09:55:41.913287+00,,,,,,,,,,,pending,,
5339,fr24_complete_3c0da822,N624FB,sky_art,1,2025-09-16 09:55:42.092411+00,,,,,,,,,,,pending,,
5340,fr24_complete_3c0d6937,N624FB,sky_art,1,2025-09-16 09:55:42.15031+00,,,,,,,,,,,pending,,
5341,fr24_complete_3c0b99c6,N621FB,normal,0,2025-09-16 09:55:42.164193+00,,,,,,,,,,,pending,,
5342,fr24_complete_3c0b76a7,N625FB,sky_art,1,2025-09-16 09:55:42.281223+00,,,,,,,,,,,pending,,
5343,fr24_complete_3c0b04c9,N625FB,sky_art,1,2025-09-16 09:55:42.456093+00,,,,,,,,,,,pending,,
5344,fr24_complete_3c0a1c5a,N624FB,excessive_hovering,1,2025-09-16 09:55:42.507808+00,,,,,,,,,,,pending,,
5345,fr24_complete_3c097230,N624FB,sky_art,1,2025-09-16 09:55:42.579487+00,,,,,,,,,,,pending,,
5346,fr24_complete_3c083015,N621FB,excessive_hovering,0.6093654469267574,2025-09-16 09:55:42.654659+00,,,,,,,,,,,pending,,
5347,fr24_complete_3c08011e,N625FB,sky_art,0.8046577072075668,2025-09-16 09:55:42.740838+00,,,,,,,,,,,pending,,
5348,fr24_complete_3c07cfbb,N621FB,sky_art,0.8544032867362182,2025-09-16 10:25:38.536361+00,,,,,,,,,,,pending,,
5349,fr24_complete_3c07aeb0,N625FB,sky_art,1,2025-09-16 10:25:38.740051+00,,,,,,,,,,,pending,,
5350,fr24_complete_3c0779b0,N621FB,sky_art,1,2025-09-16 10:25:38.810138+00,,,,,,,,,,,pending,,
5351,fr24_complete_3c0705a3,N621FB,sky_art,1,2025-09-16 10:25:38.898206+00,,,,,,,,,,,pending,,
5352,fr24_complete_3c063af1,N624FB,sky_art,1,2025-09-16 10:25:38.965275+00,,,,,,,,,,,pending,,
5353,fr24_complete_3c0593de,N624FB,excessive_hovering,0.6210125245523864,2025-09-16 10:25:39.006913+00,,,,,,,,,,,pending,,
5354,fr24_complete_3c04a223,N625FB,normal,0,2025-09-16 10:25:39.027508+00,,,,,,,,,,,pending,,
5355,fr24_complete_3c046e28,N625FB,normal,0,2025-09-16 10:25:39.030847+00,,,,,,,,,,,pending,,
5356,fr24_complete_3c043eea,N625FB,sky_art,1,2025-09-16 10:25:39.116383+00,,,,,,,,,,,pending,,
5357,fr24_complete_3c041262,N624FB,sky_art,1,2025-09-16 10:25:39.241842+00,,,,,,,,,,,pending,,
5358,fr24_complete_3c03e490,N625FB,excessive_hovering,1,2025-09-16 10:25:39.592784+00,,,,,,,,,,,pending,,
5359,fr24_complete_3c03b5b5,N623FB,sky_art,1,2025-09-16 10:25:39.766503+00,,,,,,,,,,,pending,,
5360,fr24_complete_3c03a435,N621FB,sky_art,1,2025-09-16 10:25:39.892078+00,,,,,,,,,,,pending,,
5361,fr24_complete_3c032dd7,N621FB,sky_art,0.9984222247234174,2025-09-16 10:25:39.978909+00,,,,,,,,,,,pending,,
5362,fr24_complete_3c02ac3a,N623FB,intensive_surveillance,1,2025-09-16 10:25:40.187114+00,,,,,,,,,,,pending,,
5363,fr24_complete_3c026efc,N623FB,sky_art,1,2025-09-16 10:25:40.244671+00,,,,,,,,,,,pending,,
5364,fr24_complete_3c01ca2f,N623FB,sky_art,1,2025-09-16 10:25:40.386136+00,,,,,,,,,,,pending,,
5365,fr24_complete_3c0099f7,N621FB,sky_art,1,2025-09-16 10:25:40.521138+00,,,,,,,,,,,pending,,
5366,fr24_complete_3c004637,N621FB,sky_art,1,2025-09-16 10:25:40.655197+00,,,,,,,,,,,pending,,
5367,fr24_complete_3bffef05,N623FB,sky_art,1,2025-09-16 10:25:40.780543+00,,,,,,,,,,,pending,,
5368,fr24_complete_3bff8d87,N623FB,sky_art,0.930016418508885,2025-09-16 10:25:40.884948+00,,,,,,,,,,,pending,,
5369,fr24_complete_3bfee38e,N625FB,sky_art,1,2025-09-16 10:25:40.94318+00,,,,,,,,,,,pending,,
5370,fr24_complete_3bfe3c8c,N625FB,sky_art,1,2025-09-16 10:25:41.139279+00,,,,,,,,,,,pending,,
5371,fr24_complete_3bfd16ae,N623FB,excessive_hovering,1,2025-09-16 10:25:41.360357+00,,,,,,,,,,,pending,,
5372,fr24_complete_3bfce88b,N625FB,sky_art,1,2025-09-16 10:25:41.498495+00,,,,,,,,,,,pending,,
5373,fr24_complete_3bfccec2,N623FB,excessive_hovering,0.9167409566208587,2025-09-16 10:25:41.559644+00,,,,,,,,,,,pending,,
5374,fr24_complete_3bfcc05f,N623FB,excessive_hovering,0.6121591101228795,2025-09-16 10:25:41.580893+00,,,,,,,,,,,pending,,
5375,fr24_complete_3bfc9782,N625FB,sky_art,1,2025-09-16 10:55:38.511203+00,,,,,,,,,,,pending,,
5376,fr24_complete_3bfc70a8,N623FB,sky_art,1,2025-09-16 10:55:38.651945+00,,,,,,,,,,,pending,,
5377,fr24_complete_3bfc1587,N623FB,sky_art,1,2025-09-16 10:55:38.868524+00,,,,,,,,,,,pending,,
5378,fr24_complete_3bfb7bb1,N621FB,sky_art,1,2025-09-16 10:55:38.931494+00,,,,,,,,,,,pending,,
5379,fr24_complete_3bfacee0,N621FB,sky_art,1,2025-09-16 10:55:38.975705+00,,,,,,,,,,,pending,,
5380,fr24_complete_3bf98feb,N623FB,sky_art,0.9805267577139838,2025-09-16 10:55:39.069963+00,,,,,,,,,,,pending,,
5381,fr24_complete_3bf963a3,N625FB,sky_art,1,2025-09-16 10:55:39.196003+00,,,,,,,,,,,pending,,
5382,fr24_complete_3bf93b9b,N623FB,sky_art,0.8814136780440371,2025-09-16 10:55:39.292857+00,,,,,,,,,,,pending,,
5383,fr24_complete_3bf91062,N625FB,sky_art,1,2025-09-16 10:55:39.427816+00,,,,,,,,,,,pending,,
5384,fr24_complete_3bf8e6c4,N623FB,sky_art,1,2025-09-16 10:55:39.630043+00,,,,,,,,,,,pending,,
5385,fr24_complete_3bf87bc0,N623FB,excessive_hovering,1,2025-09-16 10:55:39.73304+00,,,,,,,,,,,pending,,
5386,fr24_complete_3bf7ac16,N621FB,excessive_hovering,0.8609354189672468,2025-09-16 10:55:39.773557+00,,,,,,,,,,,pending,,
5387,fr24_complete_3bf6faa6,N621FB,sky_art,1,2025-09-16 10:55:39.820875+00,,,,,,,,,,,pending,,
5388,fr24_complete_3bf5b9e1,N621FB,excessive_hovering,1,2025-09-16 10:55:40.007081+00,,,,,,,,,,,pending,,
5389,fr24_complete_3bf5895e,N623FB,sky_art,1,2025-09-16 10:55:40.145955+00,,,,,,,,,,,pending,,
5390,fr24_complete_3bf557d8,N621FB,sky_art,0.9175957231430939,2025-09-16 10:55:40.279044+00,,,,,,,,,,,pending,,
5391,fr24_complete_3bf52c3c,N623FB,sky_art,1,2025-09-16 10:55:40.426258+00,,,,,,,,,,,pending,,
5392,fr24_complete_3bf4fe97,N625FB,excessive_hovering,1,2025-09-16 10:55:40.653255+00,,,,,,,,,,,pending,,
5393,fr24_complete_3bf47c7f,N625FB,sky_art,1,2025-09-16 10:55:40.75489+00,,,,,,,,,,,pending,,
5394,fr24_complete_3bf39f84,N624FB,sky_art,1,2025-09-16 10:55:40.838921+00,,,,,,,,,,,pending,,
5395,fr24_complete_3bf337e3,N624FB,normal,0,2025-09-16 10:55:40.842664+00,,,,,,,,,,,pending,,
5396,fr24_complete_3bf2fa96,N624FB,sky_art,0.8909721745510338,2025-09-16 10:55:40.889242+00,,,,,,,,,,,pending,,
5397,fr24_complete_3bf1b133,N623FB,intensive_surveillance,1,2025-09-16 10:55:41.297842+00,,,,,,,,,,,pending,,
5398,fr24_complete_3bf180c6,N621FB,sky_art,1,2025-09-16 11:25:38.46449+00,,,,,,,,,,,pending,,
5399,fr24_complete_3bf15273,N623FB,intensive_surveillance,1,2025-09-16 11:25:38.767507+00,,,,,,,,,,,pending,,
5400,fr24_complete_3bf125b6,N621FB,sky_art,1,2025-09-16 11:25:38.875378+00,,,,,,,,,,,pending,,
5401,fr24_complete_3bf0f628,N625FB,sky_art,0.9239071577699247,2025-09-16 11:25:39.003723+00,,,,,,,,,,,pending,,
5402,fr24_complete_3bf07fc8,N625FB,excessive_hovering,0.5840059958023385,2025-09-16 11:25:39.199978+00,,,,,,,,,,,pending,,
5403,fr24_complete_3befafd5,N624FB,sky_art,1,2025-09-16 11:25:39.267214+00,,,,,,,,,,,pending,,
5404,fr24_complete_3beeedaa,N624FB,sky_art,1,2025-09-16 11:25:39.32828+00,,,,,,,,,,,pending,,
5405,fr24_complete_3bed93ad,N623FB,excessive_hovering,0.6408898879509275,2025-09-16 11:25:39.401067+00,,,,,,,,,,,pending,,
5406,fr24_complete_3bed6256,N625FB,sky_art,1,2025-09-16 11:25:39.592106+00,,,,,,,,,,,pending,,
5407,fr24_complete_3bed06f6,N625FB,excessive_hovering,0.4284520075669586,2025-09-16 11:25:39.646102+00,,,,,,,,,,,pending,,
5408,fr24_complete_3becdab4,N623FB,sky_art,1,2025-09-16 11:25:39.786441+00,,,,,,,,,,,pending,,
5409,fr24_complete_3bec6f5b,N623FB,sky_art,1,2025-09-16 11:25:39.896105+00,,,,,,,,,,,pending,,
5410,fr24_complete_3beba14d,N624FB,sky_art,1,2025-09-16 11:25:40.020998+00,,,,,,,,,,,pending,,
5411,fr24_complete_3bead7c6,N624FB,sky_art,1,2025-09-16 11:25:40.087872+00,,,,,,,,,,,pending,,
5412,fr24_complete_3be9cd09,N623FB,excessive_hovering,0.786761453178585,2025-09-16 11:25:40.112228+00,,,,,,,,,,,pending,,
5413,fr24_complete_3be97ca0,N623FB,excessive_hovering,0.40481257151184746,2025-09-16 11:25:40.226406+00,,,,,,,,,,,pending,,
5414,fr24_complete_3be94a69,N625FB,sky_art,1,2025-09-16 11:25:40.413934+00,,,,,,,,,,,pending,,
5415,fr24_complete_3be91b61,N623FB,excessive_hovering,1,2025-09-16 11:55:38.571222+00,,,,,,,,,,,pending,,
5416,fr24_complete_3be8f089,N625FB,sky_art,1,2025-09-16 11:55:38.667775+00,,,,,,,,,,,pending,,
5417,fr24_complete_3be84f37,N623FB,sky_art,1,2025-09-16 11:55:38.797311+00,,,,,,,,,,,pending,,
5418,fr24_complete_3be5a978,N623FB,excessive_hovering,0.1781183737068708,2025-09-16 11:55:38.810114+00,,,,,,,,,,,pending,,
5419,fr24_complete_3be5762a,N623FB,excessive_hovering,0.8559793916496629,2025-09-16 11:55:38.916263+00,,,,,,,,,,,pending,,
5420,fr24_complete_3be546af,N621FB,sky_art,0.8567524195908726,2025-09-16 11:55:39.006674+00,,,,,,,,,,,pending,,
5421,fr24_complete_3be51875,N623FB,sky_art,1,2025-09-16 11:55:39.157798+00,,,,,,,,,,,pending,,
5422,fr24_complete_3be4eb38,N621FB,sky_art,1,2025-09-16 11:55:39.375377+00,,,,,,,,,,,pending,,
5423,fr24_complete_3be3c8d5,N621FB,sky_art,0.9755736543240399,2025-09-16 11:55:39.430907+00,,,,,,,,,,,pending,,
5424,fr24_complete_3be2e7d6,N621FB,sky_art,1,2025-09-16 11:55:39.509062+00,,,,,,,,,,,pending,,
5425,fr24_complete_3be1bbb7,N621FB,sky_art,1,2025-09-16 11:55:39.675741+00,,,,,,,,,,,pending,,
5426,fr24_complete_3be1bbab,N624FB,normal,0,2025-09-16 11:55:39.685404+00,,,,,,,,,,,pending,,
5427,fr24_complete_3be18c12,N624FB,excessive_hovering,0.952188265891318,2025-09-16 11:55:39.843175+00,,,,,,,,,,,pending,,
5428,fr24_complete_3be1621c,N621FB,sky_art,1,2025-09-16 11:55:39.984146+00,,,,,,,,,,,pending,,
5429,fr24_complete_3be1457a,N624FB,excessive_hovering,1,2025-09-16 12:25:38.553805+00,,,,,,,,,,,pending,,
5430,fr24_complete_3be138b1,N624FB,excessive_hovering,0.5273741100995822,2025-09-16 12:25:38.664122+00,,,,,,,,,,,pending,,
5431,fr24_complete_3be1189b,N621FB,excessive_hovering,1,2025-09-16 12:25:38.836128+00,,,,,,,,,,,pending,,
5432,fr24_complete_3be112f1,N621FB,normal,0,2025-09-16 12:25:38.84718+00,,,,,,,,,,,pending,,
5433,fr24_complete_3be0d7ab,N621FB,normal,0,2025-09-16 12:25:38.866102+00,,,,,,,,,,,pending,,
5434,fr24_complete_3be0b407,N621FB,excessive_hovering,1,2025-09-16 12:25:38.996221+00,,,,,,,,,,,pending,,
5435,fr24_complete_3bdf6a36,N623FB,sky_art,1,2025-09-16 12:25:39.072209+00,,,,,,,,,,,pending,,
5436,fr24_complete_3bde187e,N621FB,sky_art,0.9366041360588353,2025-09-16 12:25:39.184338+00,,,,,,,,,,,pending,,
5437,fr24_complete_3bdde596,N623FB,sky_art,1,2025-09-16 12:25:39.317924+00,,,,,,,,,,,pending,,
5438,fr24_complete_3bddbd68,N621FB,sky_art,1,2025-09-16 12:25:39.446892+00,,,,,,,,,,,pending,,
5439,fr24_complete_3bdd8d8e,N623FB,sky_art,0.9688953067790751,2025-09-16 12:55:38.588529+00,,,,,,,,,,,pending,,
5440,fr24_complete_3bdd628a,N621FB,sky_art,1,2025-09-16 12:55:38.745723+00,,,,,,,,,,,pending,,
5441,fr24_complete_3bdcf123,N621FB,sky_art,1,2025-09-16 12:55:38.836207+00,,,,,,,,,,,pending,,
5442,fr24_complete_3bdc3795,N624FB,sky_art,0.9937941205553872,2025-09-16 12:55:38.925268+00,,,,,,,,,,,pending,,
5443,fr24_complete_3bdb38e4,N624FB,sky_art,0.8387169602168144,2025-09-16 12:55:39.014554+00,,,,,,,,,,,pending,,
5444,fr24_complete_3bd9c4a4,N624FB,normal,0,2025-09-16 12:55:39.024253+00,,,,,,,,,,,pending,,
5445,fr24_complete_3bd994de,N621FB,sky_art,0.8095616172068151,2025-09-16 12:55:39.146456+00,,,,,,,,,,,pending,,
5446,fr24_complete_3bd85ae4,N621FB,sky_art,1,2025-09-16 12:55:39.319196+00,,,,,,,,,,,pending,,
5447,fr24_complete_3bd7d655,N625FB,sky_art,1,2025-09-16 12:55:39.383081+00,,,,,,,,,,,pending,,
5448,fr24_complete_3bd755f6,N625FB,sky_art,1,2025-09-16 13:25:38.477788+00,,,,,,,,,,,pending,,
5449,fr24_complete_3bd5dfcb,N621FB,sky_art,0.7906077965503056,2025-09-16 13:25:38.542537+00,,,,,,,,,,,pending,,
5450,fr24_complete_3bd5bc31,N623FB,sky_art,1,2025-09-16 13:25:38.611685+00,,,,,,,,,,,pending,,
5451,fr24_complete_3bd551c0,N623FB,sky_art,1,2025-09-16 13:25:38.71301+00,,,,,,,,,,,pending,,
5452,fr24_complete_3bd52559,N621FB,sky_art,1,2025-09-16 13:25:38.84152+00,,,,,,,,,,,pending,,
5453,fr24_complete_3bd4ac40,N621FB,sky_art,1,2025-09-16 13:25:38.979612+00,,,,,,,,,,,pending,,
5454,fr24_complete_3bd4803b,N624FB,excessive_hovering,1,2025-09-16 13:25:39.075979+00,,,,,,,,,,,pending,,
5455,fr24_complete_3bd41d1b,N624FB,normal,0,2025-09-16 13:55:38.404139+00,,,,,,,,,,,pending,,
5456,fr24_complete_3bd3e78f,N625FB,excessive_hovering,0.6268407691861988,2025-09-16 13:55:38.460342+00,,,,,,,,,,,pending,,
5457,fr24_complete_3bd32c62,N625FB,sky_art,1,2025-09-16 13:55:38.512767+00,,,,,,,,,,,pending,,
5458,fr24_complete_3bd275e4,N624FB,normal,0,2025-09-16 14:25:38.392934+00,,,,,,,,,,,pending,,
5459,fr24_complete_3bd2740a,N624FB,normal,0,2025-09-16 14:25:38.395285+00,,,,,,,,,,,pending,,
5460,fr24_complete_3bd231ff,N624FB,excessive_hovering,1,2025-09-16 14:25:38.458626+00,,,,,,,,,,,pending,,
5461,fr24_complete_3bd1e63f,N625FB,sky_art,0.9595807313150109,2025-09-16 14:55:38.506473+00,,,,,,,,,,,pending,,
5462,fr24_complete_3bd1b458,N624FB,sky_art,1,2025-09-16 14:55:38.632344+00,,,,,,,,,,,pending,,
5463,fr24_complete_3bd183fb,N625FB,excessive_hovering,1,2025-09-16 15:25:38.636723+00,,,,,,,,,,,pending,,
5464,fr24_active_3c3c2f19,N623FB,normal,0,2025-09-16 15:55:38.347319+00,,,,,,,,,,,pending,,
5465,fr24_complete_3bd15617,N624FB,sky_art,0.8640790970492348,2025-09-16 15:55:38.493564+00,,,,,,,,,,,pending,,
5466,fr24_complete_3bd125ab,N621FB,sky_art,1,2025-09-16 16:25:38.580578+00,,,,,,,,,,,pending,,
5467,fr24_complete_3bd0b5d4,N621FB,excessive_hovering,0.9549138586148154,2025-09-16 16:25:38.669571+00,,,,,,,,,,,pending,,
5468,fr24_complete_3bcff509,N625FB,sky_art,1,2025-09-16 16:55:38.500934+00,,,,,,,,,,,pending,,
5469,fr24_active_3c3cd83c,N623FB,normal,0,2025-09-16 18:55:38.367578+00,,,,,,,,,,,pending,,
5470,fr24_active_3c3dc4c2,N625FB,normal,0,2025-09-16 23:55:38.355581+00,,,,,,,,,,,pending,,
5471,fr24_active_3c3e3617,N625FB,normal,0,2025-09-17 02:55:38.366165+00,,,,,,,,,,,pending,,
5472,fr24_active_3c3e607a,N623FB,normal,0,2025-09-17 04:25:38.368046+00,,,,,,,,,,,pending,,
5473,fr24_active_3c3e8de8,N624FB,normal,0,2025-09-17 05:55:38.360997+00,,,,,,,,,,,pending,,
5474,fr24_complete_3bcf344f,N625FB,excessive_hovering,1,2025-09-17 06:26:16.247393+00,,,,,,,,,,,pending,,
5475,fr24_complete_3bce55d6,N623FB,excessive_hovering,1,2025-09-17 06:26:16.292597+00,,,,,,,,,,,pending,,
5476,fr24_complete_3bce1c9f,N623FB,excessive_hovering,1,2025-09-17 06:26:16.351526+00,,,,,,,,,,,pending,,
5477,fr24_complete_3bcdd7c4,N623FB,excessive_hovering,1,2025-09-17 06:26:16.600362+00,,,,,,,,,,,pending,,
5478,fr24_complete_3bcda297,N622FB,excessive_hovering,0.8705241149147974,2025-09-17 06:26:16.766176+00,,,,,,,,,,,pending,,
5479,fr24_complete_3bcd71c9,N623FB,excessive_hovering,0.924256385416325,2025-09-17 06:26:16.913718+00,,,,,,,,,,,pending,,
5480,fr24_complete_3bcd4230,N622FB,excessive_hovering,1,2025-09-17 06:26:17.101431+00,,,,,,,,,,,pending,,
5481,fr24_complete_3bcd16eb,N621FB,excessive_hovering,1,2025-09-17 06:26:17.325008+00,,,,,,,,,,,pending,,
5482,fr24_complete_3bcca323,N621FB,excessive_hovering,0.9692766724496639,2025-09-17 06:26:17.472111+00,,,,,,,,,,,pending,,
5483,fr24_complete_3bcbe3fa,N624FB,excessive_hovering,0.7109984987282955,2025-09-17 06:26:17.537582+00,,,,,,,,,,,pending,,
5484,fr24_complete_3bcbcc38,N622FB,excessive_hovering,0.9907614953852488,2025-09-17 06:26:17.637604+00,,,,,,,,,,,pending,,
5485,fr24_complete_3bcb22ca,N624FB,excessive_hovering,1,2025-09-17 06:26:17.742356+00,,,,,,,,,,,pending,,
5486,fr24_complete_3bc9d40e,N623FB,sky_art,1,2025-09-17 06:26:17.950521+00,,,,,,,,,,,pending,,
5487,fr24_complete_3bc9a268,N622FB,sky_art,1,2025-09-17 06:26:18.222127+00,,,,,,,,,,,pending,,
5488,fr24_complete_3bc9730e,N623FB,excessive_hovering,0.9715479238257244,2025-09-17 06:26:18.45416+00,,,,,,,,,,,pending,,
5489,fr24_complete_3bc948d6,N622FB,sky_art,1,2025-09-17 06:26:18.640243+00,,,,,,,,,,,pending,,
5490,fr24_complete_3bc92574,N621FB,excessive_hovering,0.8958204754781262,2025-09-17 06:26:18.771563+00,,,,,,,,,,,pending,,
5491,fr24_complete_3bc8b8bc,N621FB,excessive_hovering,1,2025-09-17 06:26:18.950608+00,,,,,,,,,,,pending,,
5492,fr24_complete_3bc81746,N625FB,excessive_hovering,1,2025-09-17 06:26:19.142294+00,,,,,,,,,,,pending,,
5493,fr24_complete_3bc7606f,N625FB,excessive_hovering,0.6697822829103783,2025-09-17 06:26:19.235119+00,,,,,,,,,,,pending,,
5494,fr24_complete_3bc6260d,N623FB,excessive_hovering,1,2025-09-17 06:26:19.484097+00,,,,,,,,,,,pending,,
5495,fr24_complete_3bc607fc,N622FB,excessive_hovering,1,2025-09-17 06:26:19.591686+00,,,,,,,,,,,pending,,
5496,fr24_complete_3bc5f602,N622FB,excessive_hovering,0.9156796051155122,2025-09-17 06:26:19.646203+00,,,,,,,,,,,pending,,
5497,fr24_complete_3bc5cb77,N623FB,excessive_hovering,1,2025-09-17 06:26:19.85251+00,,,,,,,,,,,pending,,
5498,fr24_complete_3bc5a27e,N622FB,excessive_hovering,1,2025-09-17 06:26:20.122147+00,,,,,,,,,,,pending,,
5499,fr24_complete_3bc57860,N621FB,sky_art,1,2025-09-17 06:26:20.329114+00,,,,,,,,,,,pending,,
5500,fr24_complete_3bc51c05,N621FB,excessive_hovering,1,2025-09-17 06:26:20.548481+00,,,,,,,,,,,pending,,
5501,fr24_complete_3bc469f8,N625FB,excessive_hovering,0.758141436239677,2025-09-17 06:26:20.631119+00,,,,,,,,,,,pending,,
5502,fr24_complete_3bc339af,N625FB,excessive_hovering,1,2025-09-17 06:26:20.77917+00,,,,,,,,,,,pending,,
5503,fr24_complete_3bc27ff5,N623FB,excessive_hovering,1,2025-09-17 06:26:21.106673+00,,,,,,,,,,,pending,,
5504,fr24_complete_3bc2502e,N622FB,sky_art,1,2025-09-17 06:26:21.326242+00,,,,,,,,,,,pending,,
5505,fr24_complete_3bc2266b,N623FB,excessive_hovering,1,2025-09-17 06:26:21.529634+00,,,,,,,,,,,pending,,
5506,fr24_complete_3bc21bbc,N622FB,excessive_hovering,0.8393971567356577,2025-09-17 06:26:21.559334+00,,,,,,,,,,,pending,,
5507,fr24_complete_3bc1f8ee,N622FB,excessive_hovering,1,2025-09-17 06:26:21.709512+00,,,,,,,,,,,pending,,
5508,fr24_complete_3bc1d022,N621FB,excessive_hovering,1,2025-09-17 06:26:21.940764+00,,,,,,,,,,,pending,,
5509,fr24_complete_3bc156c4,N621FB,excessive_hovering,1,2025-09-17 06:26:22.289709+00,,,,,,,,,,,pending,,
5510,fr24_complete_3bc07f82,N625FB,excessive_hovering,1,2025-09-17 06:26:22.478444+00,,,,,,,,,,,pending,,
5511,fr24_complete_3bbfc13f,N625FB,excessive_hovering,1,2025-09-17 06:26:22.635065+00,,,,,,,,,,,pending,,
5512,fr24_complete_3bbd8df6,N621FB,excessive_hovering,1,2025-09-17 06:26:22.820307+00,,,,,,,,,,,pending,,
5513,fr24_complete_3bbd0e65,N621FB,intensive_surveillance,1,2025-09-17 06:26:23.109355+00,,,,,,,,,,,pending,,
5514,fr24_complete_3bbc2608,N625FB,excessive_hovering,1,2025-09-17 06:26:23.861043+00,,,,,,,,,,,pending,,
5515,fr24_complete_3bbbc9a7,N625FB,normal,0,2025-09-17 06:26:23.870259+00,,,,,,,,,,,pending,,
5516,fr24_complete_3bbb7918,N625FB,excessive_hovering,1,2025-09-17 06:26:23.962092+00,,,,,,,,,,,pending,,
5517,fr24_complete_3bba0427,N625FB,excessive_hovering,0.9938391538429672,2025-09-17 06:26:24.074823+00,,,,,,,,,,,pending,,
5518,fr24_complete_3bb9c918,N623FB,excessive_hovering,1,2025-09-17 06:26:24.292066+00,,,,,,,,,,,pending,,
5519,fr24_complete_3bb946a5,N621FB,excessive_hovering,1,2025-09-17 06:26:24.370655+00,,,,,,,,,,,pending,,
5520,fr24_complete_3bb8c88d,N621FB,sky_art,0.9698116187737695,2025-09-17 06:26:24.659982+00,,,,,,,,,,,pending,,
5521,fr24_complete_3bb81234,N622FB,excessive_hovering,1,2025-09-17 06:26:24.756754+00,,,,,,,,,,,pending,,
5522,fr24_complete_3bb748fd,N622FB,excessive_hovering,0.44803795994068996,2025-09-17 06:26:24.802812+00,,,,,,,,,,,pending,,
5523,fr24_complete_3bb5e76c,N625FB,excessive_hovering,0.7536326010010278,2025-09-17 06:26:24.969707+00,,,,,,,,,,,pending,,
5524,fr24_complete_3bb5af37,N623FB,intensive_surveillance,1,2025-09-17 06:26:25.29733+00,,,,,,,,,,,pending,,
5525,fr24_complete_3bb57c4c,N625FB,excessive_hovering,1,2025-09-17 06:26:25.562114+00,,,,,,,,,,,pending,,
5526,fr24_complete_3bb54a7d,N623FB,intensive_surveillance,1,2025-09-17 06:26:25.982253+00,,,,,,,,,,,pending,,
5527,fr24_complete_3bb51bc8,N621FB,intensive_surveillance,1,2025-09-17 06:26:26.564973+00,,,,,,,,,,,pending,,
5528,fr24_complete_3bb4428d,N621FB,excessive_hovering,0.9947977064927123,2025-09-17 06:26:26.750182+00,,,,,,,,,,,pending,,
5529,fr24_complete_3bb3d556,N622FB,excessive_hovering,0.9889451378925825,2025-09-17 06:26:26.913969+00,,,,,,,,,,,pending,,
5530,fr24_complete_3bb30f20,N622FB,excessive_hovering,1,2025-09-17 06:26:27.040152+00,,,,,,,,,,,pending,,
5531,fr24_complete_3bb1c7ea,N623FB,excessive_hovering,1,2025-09-17 06:26:27.221928+00,,,,,,,,,,,pending,,
5532,fr24_complete_3bb1b1cb,N623FB,excessive_hovering,0.9089210701767485,2025-09-17 06:26:27.29252+00,,,,,,,,,,,pending,,
5533,fr24_complete_3bb17ea8,N622FB,sky_art,1,2025-09-17 06:26:27.477124+00,,,,,,,,,,,pending,,
5534,fr24_complete_3bb14cd4,N623FB,excessive_hovering,1,2025-09-17 06:26:27.744307+00,,,,,,,,,,,pending,,
5535,fr24_complete_3bb11c70,N622FB,excessive_hovering,1,2025-09-17 06:26:27.970444+00,,,,,,,,,,,pending,,
5536,fr24_complete_3bb0efbb,N623FB,excessive_hovering,1,2025-09-17 06:26:28.315118+00,,,,,,,,,,,pending,,
5537,fr24_complete_3bb0803e,N623FB,excessive_hovering,1,2025-09-17 06:26:28.489076+00,,,,,,,,,,,pending,,
5538,fr24_complete_3bafae44,N621FB,excessive_hovering,0.9366012536134521,2025-09-17 06:26:28.59809+00,,,,,,,,,,,pending,,
5539,fr24_complete_3baed5ae,N621FB,excessive_hovering,0.6576094251653267,2025-09-17 06:26:28.659796+00,,,,,,,,,,,pending,,
5540,fr24_complete_3bada6fc,N623FB,excessive_hovering,0.835215046571735,2025-09-17 06:26:28.95556+00,,,,,,,,,,,pending,,
5541,fr24_complete_3bad6e61,N625FB,excessive_hovering,1,2025-09-17 06:26:29.207972+00,,,,,,,,,,,pending,,
5542,fr24_complete_3bad40c1,N623FB,excessive_hovering,1,2025-09-17 06:26:29.367684+00,,,,,,,,,,,pending,,
5543,fr24_complete_3bad0fee,N625FB,sky_art,1,2025-09-17 06:26:29.609907+00,,,,,,,,,,,pending,,
5544,fr24_complete_3baceceb,N621FB,excessive_hovering,1,2025-09-17 06:26:29.799667+00,,,,,,,,,,,pending,,
5545,fr24_complete_3bac8d7e,N621FB,excessive_hovering,1,2025-09-17 06:26:30.133407+00,,,,,,,,,,,pending,,
5546,fr24_complete_3bac2cc1,N623FB,excessive_hovering,1,2025-09-17 06:26:30.228905+00,,,,,,,,,,,pending,,
5547,fr24_complete_3bac0850,N623FB,excessive_hovering,0.272861610927521,2025-09-17 06:26:30.238816+00,,,,,,,,,,,pending,,
5548,fr24_complete_3babd5cf,N623FB,excessive_hovering,1,2025-09-17 06:26:30.360481+00,,,,,,,,,,,pending,,
5549,fr24_complete_3baaeb68,N623FB,excessive_hovering,1,2025-09-17 06:26:31.05794+00,,,,,,,,,,,pending,,
5550,fr24_complete_3ba9d05a,N623FB,excessive_hovering,1,2025-09-17 06:26:31.186049+00,,,,,,,,,,,pending,,
5551,fr24_complete_3ba99d10,N621FB,excessive_hovering,1,2025-09-17 06:26:31.398005+00,,,,,,,,,,,pending,,
5552,fr24_complete_3ba9739c,N623FB,intensive_surveillance,1,2025-09-17 06:26:31.850672+00,,,,,,,,,,,pending,,
5553,fr24_complete_3ba94a6b,N621FB,excessive_hovering,1,2025-09-17 06:26:32.071155+00,,,,,,,,,,,pending,,
5554,fr24_complete_3ba92512,N622FB,excessive_hovering,1,2025-09-17 06:26:32.250579+00,,,,,,,,,,,pending,,
5555,fr24_complete_3ba8c465,N622FB,excessive_hovering,0.982604136944294,2025-09-17 06:26:32.410825+00,,,,,,,,,,,pending,,
5556,fr24_complete_3ba7b67c,N625FB,excessive_hovering,1,2025-09-17 06:26:32.503236+00,,,,,,,,,,,pending,,
5557,fr24_complete_3ba6028a,N623FB,sky_art,1,2025-09-17 06:26:32.712308+00,,,,,,,,,,,pending,,
5558,fr24_complete_3ba5cbff,N621FB,excessive_hovering,1,2025-09-17 06:26:32.943357+00,,,,,,,,,,,pending,,
5559,fr24_complete_3ba5a192,N623FB,excessive_hovering,1,2025-09-17 06:26:33.144709+00,,,,,,,,,,,pending,,
5560,fr24_complete_3ba57661,N621FB,sky_art,1,2025-09-17 06:26:33.346549+00,,,,,,,,,,,pending,,
5561,fr24_complete_3ba56193,N622FB,excessive_hovering,1,2025-09-17 06:26:33.518898+00,,,,,,,,,,,pending,,
5562,fr24_complete_3ba5492d,N622FB,excessive_hovering,1,2025-09-17 06:26:33.6307+00,,,,,,,,,,,pending,,
5563,fr24_complete_3ba4d9ad,N622FB,excessive_hovering,1,2025-09-17 06:26:33.796699+00,,,,,,,,,,,pending,,
5564,fr24_complete_3ba39025,N621FB,excessive_hovering,0.7236608755004937,2025-09-17 06:26:33.849875+00,,,,,,,,,,,pending,,
5565,fr24_complete_3ba35bf9,N621FB,excessive_hovering,1,2025-09-17 06:26:33.92101+00,,,,,,,,,,,pending,,
5566,fr24_complete_3ba1dfe4,N622FB,excessive_hovering,1,2025-09-17 06:26:34.090119+00,,,,,,,,,,,pending,,
5567,fr24_complete_3ba1a790,N623FB,excessive_hovering,1,2025-09-17 06:26:34.333602+00,,,,,,,,,,,pending,,
5568,fr24_complete_3ba17694,N622FB,excessive_hovering,1,2025-09-17 06:26:34.639618+00,,,,,,,,,,,pending,,
5569,fr24_complete_3ba14915,N623FB,sky_art,1,2025-09-17 06:26:34.987928+00,,,,,,,,,,,pending,,
5570,fr24_complete_3ba10a31,N621FB,intensive_surveillance,1,2025-09-17 06:26:35.460447+00,,,,,,,,,,,pending,,
5571,fr24_complete_3b9fba85,N624FB,excessive_hovering,1,2025-09-17 06:26:35.517368+00,,,,,,,,,,,pending,,
5572,fr24_complete_3b9f1eee,N624FB,excessive_hovering,1,2025-09-17 06:26:35.538845+00,,,,,,,,,,,pending,,
5573,fr24_complete_3b9f03e7,N624FB,excessive_hovering,1,2025-09-17 06:26:35.559757+00,,,,,,,,,,,pending,,
5574,fr24_complete_3b9d5949,N621FB,excessive_hovering,1,2025-09-17 06:26:35.970084+00,,,,,,,,,,,pending,,
5575,fr24_complete_3b9d5638,N623FB,excessive_hovering,1,2025-09-17 06:26:36.18275+00,,,,,,,,,,,pending,,
5576,fr24_complete_3b9d22a9,N621FB,excessive_hovering,1,2025-09-17 06:26:36.36612+00,,,,,,,,,,,pending,,
5577,fr24_complete_3b9cf064,N623FB,excessive_hovering,1,2025-09-17 06:26:36.571648+00,,,,,,,,,,,pending,,
5578,fr24_complete_3b9cc1d9,N621FB,sky_art,1,2025-09-17 06:26:36.858653+00,,,,,,,,,,,pending,,
5579,fr24_complete_3b9c4b72,N621FB,excessive_hovering,1,2025-09-17 06:26:37.712968+00,,,,,,,,,,,pending,,
5580,fr24_complete_3b9bd9fc,N622FB,excessive_hovering,0.45481669883929254,2025-09-17 06:26:37.784098+00,,,,,,,,,,,pending,,
5581,fr24_complete_3b9b7aca,N622FB,excessive_hovering,1,2025-09-17 06:26:37.880694+00,,,,,,,,,,,pending,,
5582,fr24_complete_3b9aab92,N622FB,excessive_hovering,0.7403746613305908,2025-09-17 06:26:37.969656+00,,,,,,,,,,,pending,,
5583,fr24_complete_3b9a9563,N623FB,excessive_hovering,1,2025-09-17 06:26:38.08887+00,,,,,,,,,,,pending,,
5584,fr24_complete_3b9a8350,N623FB,normal,0,2025-09-17 06:26:38.1005+00,,,,,,,,,,,pending,,
5585,fr24_complete_3b9a5f3c,N623FB,normal,0,2025-09-17 06:26:38.104608+00,,,,,,,,,,,pending,,
5586,fr24_complete_3b9a0c70,N623FB,excessive_hovering,1,2025-09-17 06:26:38.221996+00,,,,,,,,,,,pending,,
5587,fr24_complete_3b99428e,N623FB,excessive_hovering,0.6590458653904802,2025-09-17 06:26:38.412073+00,,,,,,,,,,,pending,,
5588,fr24_complete_3b990e25,N622FB,excessive_hovering,1,2025-09-17 06:26:38.619244+00,,,,,,,,,,,pending,,
5589,fr24_complete_3b98dddd,N623FB,sky_art,1,2025-09-17 06:26:38.859597+00,,,,,,,,,,,pending,,
5590,fr24_complete_3b98ad7e,N622FB,excessive_hovering,0.7558009665543293,2025-09-17 06:26:39.036866+00,,,,,,,,,,,pending,,
5591,fr24_complete_3b988c9b,N621FB,excessive_hovering,1,2025-09-17 06:26:39.190508+00,,,,,,,,,,,pending,,
5592,fr24_complete_3b988121,N621FB,normal,0,2025-09-17 06:26:39.201182+00,,,,,,,,,,,pending,,
5593,fr24_complete_3b9815db,N621FB,excessive_hovering,0.7020738808713987,2025-09-17 06:26:39.349757+00,,,,,,,,,,,pending,,
5594,fr24_complete_3b97abb0,N624FB,excessive_hovering,1,2025-09-17 06:26:39.439071+00,,,,,,,,,,,pending,,
5595,fr24_complete_3b9721c1,N624FB,sky_art,0.9790779813247679,2025-09-17 06:26:39.628789+00,,,,,,,,,,,pending,,
5596,fr24_complete_3b967b16,N624FB,excessive_hovering,1,2025-09-17 06:26:39.73945+00,,,,,,,,,,,pending,,
5597,fr24_complete_3b9539cd,N621FB,excessive_hovering,0.9564612975516794,2025-09-17 06:26:39.840058+00,,,,,,,,,,,pending,,
5598,fr24_complete_3b9525e7,N621FB,excessive_hovering,0.7705987369304937,2025-09-17 06:26:39.895371+00,,,,,,,,,,,pending,,
5599,fr24_complete_3b95176d,N625FB,excessive_hovering,1,2025-09-17 06:26:39.941496+00,,,,,,,,,,,pending,,
5600,fr24_complete_3b94f23c,N625FB,excessive_hovering,0.9326927633473409,2025-09-17 06:26:40.050972+00,,,,,,,,,,,pending,,
5601,fr24_complete_3b94c3bb,N621FB,excessive_hovering,1,2025-09-17 06:26:40.320908+00,,,,,,,,,,,pending,,
5602,fr24_complete_3b94925c,N625FB,sky_art,1,2025-09-17 06:26:40.530667+00,,,,,,,,,,,pending,,
5603,fr24_complete_3b94660d,N621FB,excessive_hovering,1,2025-09-17 06:26:40.75336+00,,,,,,,,,,,pending,,
5604,fr24_complete_3b93f6cc,N621FB,excessive_hovering,0.7995124970766395,2025-09-17 06:26:40.99378+00,,,,,,,,,,,pending,,
5605,fr24_complete_3b9331f7,N622FB,excessive_hovering,1,2025-09-17 06:26:41.224985+00,,,,,,,,,,,pending,,
5606,fr24_complete_3b922ef0,N622FB,excessive_hovering,1,2025-09-17 06:26:42.042092+00,,,,,,,,,,,pending,,
5607,fr24_complete_3b91d7d3,N623FB,excessive_hovering,0.7319516164236596,2025-09-17 06:26:42.203791+00,,,,,,,,,,,pending,,
5608,fr24_complete_3b912f0d,N625FB,excessive_hovering,1,2025-09-17 06:26:42.540286+00,,,,,,,,,,,pending,,
5609,fr24_complete_3b9101a1,N623FB,sky_art,0.9563246001603033,2025-09-17 06:26:42.79702+00,,,,,,,,,,,pending,,
5610,fr24_complete_3b90d5d5,N625FB,excessive_hovering,1,2025-09-17 06:26:43.086749+00,,,,,,,,,,,pending,,
5611,fr24_complete_3b90a778,N623FB,excessive_hovering,1,2025-09-17 06:26:43.297537+00,,,,,,,,,,,pending,,
5612,fr24_complete_3b907da2,N621FB,excessive_hovering,1,2025-09-17 06:26:43.489492+00,,,,,,,,,,,pending,,
5613,fr24_complete_3b901941,N621FB,excessive_hovering,1,2025-09-17 06:26:43.653419+00,,,,,,,,,,,pending,,
5614,fr24_complete_3b8ee5ec,N622FB,excessive_hovering,0.9635449058581951,2025-09-17 06:26:43.781443+00,,,,,,,,,,,pending,,
5615,fr24_complete_3b8eb0c8,N622FB,excessive_hovering,0.8607098390963669,2025-09-17 06:26:43.866492+00,,,,,,,,,,,pending,,
5616,fr24_complete_3b8d8263,N625FB,sky_art,1,2025-09-17 06:26:44.130345+00,,,,,,,,,,,pending,,
5617,fr24_complete_3b8d55e9,N621FB,excessive_hovering,0.9808593802925624,2025-09-17 06:26:44.294001+00,,,,,,,,,,,pending,,
5618,fr24_complete_3b8d3012,N625FB,excessive_hovering,1,2025-09-17 06:26:44.452914+00,,,,,,,,,,,pending,,
5619,fr24_complete_3b8d050e,N621FB,sky_art,0.995464424192148,2025-09-17 06:26:44.649965+00,,,,,,,,,,,pending,,
5620,fr24_complete_3b8cda9a,N623FB,excessive_hovering,1,2025-09-17 06:26:44.890233+00,,,,,,,,,,,pending,,
5621,fr24_complete_3b8c7a1f,N623FB,excessive_hovering,1,2025-09-17 06:26:45.12467+00,,,,,,,,,,,pending,,
5622,fr24_complete_3b8b9fc1,N622FB,excessive_hovering,0.942634806803606,2025-09-17 06:26:45.209954+00,,,,,,,,,,,pending,,
5623,fr24_complete_3b8a22d4,N625FB,intensive_surveillance,1,2025-09-17 06:26:45.595508+00,,,,,,,,,,,pending,,
5624,fr24_complete_3b89d3e0,N625FB,excessive_hovering,1,2025-09-17 06:26:45.849282+00,,,,,,,,,,,pending,,
5625,fr24_complete_3b89ca1e,N621FB,excessive_hovering,0.8874516216902376,2025-09-17 06:26:45.868377+00,,,,,,,,,,,pending,,
5626,fr24_complete_3b89a8a2,N621FB,excessive_hovering,0.9313078710927098,2025-09-17 06:26:46.049617+00,,,,,,,,,,,pending,,
5627,fr24_complete_3b897dd7,N625FB,excessive_hovering,1,2025-09-17 06:26:46.269662+00,,,,,,,,,,,pending,,
5628,fr24_complete_3b895f92,N621FB,excessive_hovering,1,2025-09-17 06:26:46.398906+00,,,,,,,,,,,pending,,
5629,fr24_complete_3b892610,N621FB,excessive_hovering,0.45928145149821037,2025-09-17 06:26:46.434102+00,,,,,,,,,,,pending,,
5630,fr24_complete_3b890ae2,N623FB,excessive_hovering,0.6739688481610331,2025-09-17 06:26:46.528916+00,,,,,,,,,,,pending,,
5631,fr24_complete_3b88b31c,N623FB,excessive_hovering,1,2025-09-17 06:26:47.341848+00,,,,,,,,,,,pending,,
5632,fr24_complete_3b872d01,N622FB,excessive_hovering,1,2025-09-17 06:26:47.458873+00,,,,,,,,,,,pending,,
5633,fr24_complete_3b85d1aa,N625FB,excessive_hovering,0.8365414570398048,2025-09-17 06:26:47.628408+00,,,,,,,,,,,pending,,
5634,fr24_complete_3b85c00a,N621FB,excessive_hovering,1,2025-09-17 06:26:47.721803+00,,,,,,,,,,,pending,,
5635,fr24_complete_3b859f61,N621FB,excessive_hovering,0.4794215279424981,2025-09-17 06:26:47.821907+00,,,,,,,,,,,pending,,
5636,fr24_complete_3b85705f,N625FB,excessive_hovering,1,2025-09-17 06:26:48.005354+00,,,,,,,,,,,pending,,
5637,fr24_complete_3b853e2a,N621FB,excessive_hovering,1,2025-09-17 06:26:48.224772+00,,,,,,,,,,,pending,,
5638,fr24_complete_3b850ee8,N623FB,excessive_hovering,1,2025-09-17 06:26:48.490995+00,,,,,,,,,,,pending,,
5639,fr24_complete_3b84924e,N623FB,excessive_hovering,1,2025-09-17 06:26:48.770926+00,,,,,,,,,,,pending,,
5640,fr24_complete_3b83bb22,N622FB,excessive_hovering,1,2025-09-17 06:26:48.859048+00,,,,,,,,,,,pending,,
5641,fr24_complete_3b831768,N622FB,excessive_hovering,1,2025-09-17 06:26:48.939386+00,,,,,,,,,,,pending,,
5642,fr24_complete_3b81b322,N625FB,sky_art,1,2025-09-17 06:26:49.160136+00,,,,,,,,,,,pending,,
5643,fr24_complete_3b818056,N621FB,excessive_hovering,1,2025-09-17 06:26:49.413636+00,,,,,,,,,,,pending,,
5644,fr24_complete_3b815278,N625FB,excessive_hovering,1,2025-09-17 06:26:49.65142+00,,,,,,,,,,,pending,,
5645,fr24_complete_3b8122a3,N621FB,sky_art,1,2025-09-17 06:26:49.820179+00,,,,,,,,,,,pending,,
5646,fr24_complete_3b8107a5,N624FB,excessive_hovering,1,2025-09-17 06:26:49.98636+00,,,,,,,,,,,pending,,
5647,fr24_complete_3b808d47,N624FB,excessive_hovering,1,2025-09-17 06:26:50.067848+00,,,,,,,,,,,pending,,
5648,fr24_complete_3b7fb882,N622FB,excessive_hovering,1,2025-09-17 06:26:50.18699+00,,,,,,,,,,,pending,,
5649,fr24_complete_3b7f33c4,N623FB,excessive_hovering,1,2025-09-17 06:26:50.29944+00,,,,,,,,,,,pending,,
5650,fr24_complete_3b7efe60,N622FB,excessive_hovering,1,2025-09-17 06:26:50.388643+00,,,,,,,,,,,pending,,
5651,fr24_complete_3b7de3e3,N625FB,normal,0,2025-09-17 06:26:51.088888+00,,,,,,,,,,,pending,,
5652,fr24_complete_3b7d9167,N625FB,excessive_hovering,0.9321568661867707,2025-09-17 06:26:51.241057+00,,,,,,,,,,,pending,,
5653,fr24_complete_3b7d5e20,N621FB,excessive_hovering,1,2025-09-17 06:26:51.437944+00,,,,,,,,,,,pending,,
5654,fr24_complete_3b7d2d4b,N625FB,excessive_hovering,1,2025-09-17 06:26:51.827712+00,,,,,,,,,,,pending,,
5655,fr24_complete_3b7cfe99,N621FB,excessive_hovering,1,2025-09-17 06:26:52.029453+00,,,,,,,,,,,pending,,
5656,fr24_complete_3b7cd4cd,N624FB,excessive_hovering,1,2025-09-17 06:26:52.213654+00,,,,,,,,,,,pending,,
5657,fr24_complete_3b7c5f1a,N624FB,excessive_hovering,1,2025-09-17 06:26:52.452624+00,,,,,,,,,,,pending,,
5658,fr24_complete_3b7b93ef,N622FB,excessive_hovering,1,2025-09-17 06:26:52.546059+00,,,,,,,,,,,pending,,
5659,fr24_complete_3b7ae96b,N622FB,excessive_hovering,0.7623857138845505,2025-09-17 06:26:52.645643+00,,,,,,,,,,,pending,,
5660,fr24_complete_3b7a555e,N622FB,excessive_hovering,1,2025-09-17 06:26:52.799848+00,,,,,,,,,,,pending,,
5661,fr24_complete_3b79f223,N625FB,normal,0,2025-09-17 06:26:52.805298+00,,,,,,,,,,,pending,,
5662,fr24_complete_3b79ee5c,N625FB,normal,0,2025-09-17 06:26:52.809445+00,,,,,,,,,,,pending,,
5663,fr24_complete_3b79e9ad,N625FB,normal,0,2025-09-17 06:26:52.81407+00,,,,,,,,,,,pending,,
5664,fr24_complete_3b79770d,N625FB,excessive_hovering,1,2025-09-17 06:26:53.004937+00,,,,,,,,,,,pending,,
5665,fr24_complete_3b79475d,N623FB,excessive_hovering,1,2025-09-17 06:26:53.168988+00,,,,,,,,,,,pending,,
5666,fr24_complete_3b7917f3,N625FB,excessive_hovering,0.6793494165529189,2025-09-17 06:26:53.333217+00,,,,,,,,,,,pending,,
5667,fr24_complete_3b78e8c0,N623FB,excessive_hovering,1,2025-09-17 06:26:53.541929+00,,,,,,,,,,,pending,,
5668,fr24_complete_3b78be16,N625FB,excessive_hovering,1,2025-09-17 06:26:53.799485+00,,,,,,,,,,,pending,,
5669,fr24_complete_3b784fe9,N625FB,excessive_hovering,1,2025-09-17 06:26:54.702653+00,,,,,,,,,,,pending,,
5670,fr24_complete_3b778769,N622FB,excessive_hovering,1,2025-09-17 06:26:54.892849+00,,,,,,,,,,,pending,,
5671,fr24_complete_3b76c216,N622FB,excessive_hovering,1,2025-09-17 06:26:54.976123+00,,,,,,,,,,,pending,,
5672,fr24_complete_3b757350,N625FB,excessive_hovering,1,2025-09-17 06:26:55.152474+00,,,,,,,,,,,pending,,
5673,fr24_complete_3b755230,N621FB,intensive_surveillance,1,2025-09-17 06:26:55.587416+00,,,,,,,,,,,pending,,
5674,fr24_complete_3b7524e6,N625FB,excessive_hovering,1,2025-09-17 06:26:55.880263+00,,,,,,,,,,,pending,,
5675,fr24_complete_3b74fded,N621FB,intensive_surveillance,1,2025-09-17 06:26:56.306253+00,,,,,,,,,,,pending,,
5676,fr24_complete_3b74cb0b,N623FB,excessive_hovering,1,2025-09-17 06:26:56.511344+00,,,,,,,,,,,pending,,
5677,fr24_complete_3b745d89,N623FB,excessive_hovering,1,2025-09-17 06:26:56.777721+00,,,,,,,,,,,pending,,
5678,fr24_complete_3b73a189,N621FB,excessive_hovering,1,2025-09-17 06:26:56.864548+00,,,,,,,,,,,pending,,
5679,fr24_complete_3b730a34,N622FB,excessive_hovering,0.9221899211585805,2025-09-17 06:26:56.963481+00,,,,,,,,,,,pending,,
5680,fr24_complete_3b71dbc7,N625FB,excessive_hovering,1,2025-09-17 06:26:57.188076+00,,,,,,,,,,,pending,,
5681,fr24_complete_3b71cf6f,N621FB,excessive_hovering,0.5994942945460394,2025-09-17 06:26:57.229106+00,,,,,,,,,,,pending,,
5682,fr24_complete_3b71b114,N621FB,excessive_hovering,1,2025-09-17 06:26:57.391251+00,,,,,,,,,,,pending,,
5683,fr24_complete_3b718bea,N625FB,excessive_hovering,1,2025-09-17 06:26:57.725203+00,,,,,,,,,,,pending,,
5684,fr24_complete_3b71629f,N621FB,excessive_hovering,1,2025-09-17 06:26:57.967548+00,,,,,,,,,,,pending,,
5685,fr24_complete_3b712f1f,N622FB,excessive_hovering,1,2025-09-17 06:26:58.772039+00,,,,,,,,,,,pending,,
5686,fr24_complete_3b70da33,N622FB,excessive_hovering,0.6456209100141761,2025-09-17 06:26:58.886766+00,,,,,,,,,,,pending,,
5687,fr24_complete_3b6f5889,N624FB,excessive_hovering,0.6741109549753556,2025-09-17 06:26:58.975072+00,,,,,,,,,,,pending,,
5688,fr24_complete_3b6e480d,N625FB,excessive_hovering,1,2025-09-17 06:26:59.264288+00,,,,,,,,,,,pending,,
5689,fr24_complete_3b6e19b7,N621FB,sky_art,1,2025-09-17 06:26:59.453855+00,,,,,,,,,,,pending,,
5690,fr24_complete_3b6df018,N625FB,excessive_hovering,1,2025-09-17 06:26:59.644643+00,,,,,,,,,,,pending,,
5691,fr24_complete_3b6dc4f1,N621FB,excessive_hovering,1,2025-09-17 06:26:59.885432+00,,,,,,,,,,,pending,,
5692,fr24_complete_3b6d960d,N623FB,excessive_hovering,1,2025-09-17 06:27:00.3389+00,,,,,,,,,,,pending,,
5693,fr24_complete_3b6d2a4d,N623FB,excessive_hovering,1,2025-09-17 06:27:00.520421+00,,,,,,,,,,,pending,,
5694,fr24_complete_3b6c742b,N622FB,excessive_hovering,0.5549075974988796,2025-09-17 06:27:00.558984+00,,,,,,,,,,,pending,,
5695,fr24_complete_3b6a599e,N623FB,excessive_hovering,1,2025-09-17 06:27:00.759944+00,,,,,,,,,,,pending,,
5696,fr24_complete_3b6a3449,N621FB,excessive_hovering,1,2025-09-17 06:27:00.919984+00,,,,,,,,,,,pending,,
5697,fr24_complete_3b6a25ce,N621FB,excessive_hovering,0.24547408110254212,2025-09-17 06:27:00.948865+00,,,,,,,,,,,pending,,
5698,fr24_complete_3b69f71b,N623FB,excessive_hovering,1,2025-09-17 06:27:01.335786+00,,,,,,,,,,,pending,,
5699,fr24_complete_3b69c311,N621FB,excessive_hovering,0.8281509246786543,2025-09-17 06:27:01.479868+00,,,,,,,,,,,pending,,
5700,fr24_complete_3b699457,N625FB,excessive_hovering,1,2025-09-17 06:27:01.779407+00,,,,,,,,,,,pending,,
5701,fr24_complete_3b68b386,N625FB,excessive_hovering,1,2025-09-17 06:27:02.495326+00,,,,,,,,,,,pending,,
5702,fr24_complete_3b684ca8,N623FB,excessive_hovering,0.9386857596028136,2025-09-17 06:27:02.567679+00,,,,,,,,,,,pending,,
5703,fr24_complete_3b679505,N623FB,excessive_hovering,0.7692431275117796,2025-09-17 06:27:02.621302+00,,,,,,,,,,,pending,,
5704,fr24_complete_3b6622f5,N625FB,excessive_hovering,1,2025-09-17 06:27:02.881055+00,,,,,,,,,,,pending,,
5705,fr24_complete_3b660164,N624FB,excessive_hovering,0.926119731619586,2025-09-17 06:27:03.004448+00,,,,,,,,,,,pending,,
5706,fr24_complete_3b65efc2,N624FB,excessive_hovering,0.39417815238654963,2025-09-17 06:27:03.031225+00,,,,,,,,,,,pending,,
5707,fr24_complete_3b65c031,N625FB,intensive_surveillance,1,2025-09-17 06:27:03.440785+00,,,,,,,,,,,pending,,
5708,fr24_complete_3b658e42,N624FB,excessive_hovering,1,2025-09-17 06:27:03.653453+00,,,,,,,,,,,pending,,
5709,fr24_complete_3b65576e,N625FB,excessive_hovering,1,2025-09-17 06:27:04.047083+00,,,,,,,,,,,pending,,
5710,fr24_complete_3b64bf63,N622FB,excessive_hovering,1,2025-09-17 06:27:04.145047+00,,,,,,,,,,,pending,,
5711,fr24_complete_3b64b7a1,N622FB,normal,0,2025-09-17 06:27:04.153376+00,,,,,,,,,,,pending,,
5712,fr24_complete_3b64b446,N625FB,excessive_hovering,1,2025-09-17 06:27:04.384333+00,,,,,,,,,,,pending,,
5713,fr24_complete_3b647348,N622FB,excessive_hovering,1,2025-09-17 06:27:04.470332+00,,,,,,,,,,,pending,,
5714,fr24_complete_3b646ad5,N622FB,normal,0,2025-09-17 06:27:04.482707+00,,,,,,,,,,,pending,,
5715,fr24_complete_3b644a60,N621FB,excessive_hovering,1,2025-09-17 06:27:04.566052+00,,,,,,,,,,,pending,,
5716,fr24_active_3c3ebc2e,N623FB,normal,0,2025-09-17 07:55:38.346858+00,,,,,,,,,,,pending,,
5717,fr24_active_3c3eeec4,N624FB,normal,0,2025-09-17 08:55:38.363271+00,,,,,,,,,,,pending,,
5718,fr24_active_3c3fbf8e,N624FB,normal,0,2025-09-17 13:55:38.368245+00,,,,,,,,,,,pending,,
5719,fr24_active_3c403617,N625FB,normal,0,2025-09-17 15:55:38.368772+00,,,,,,,,,,,pending,,
5720,fr24_active_3c40d4ce,N625FB,normal,0,2025-09-17 18:55:38.356055+00,,,,,,,,,,,pending,,
5721,fr24_active_3c41c35e,N621FB,normal,0,2025-09-17 23:55:38.368419+00,,,,,,,,,,,pending,,
5722,fr24_active_3c423633,N621FB,normal,0,2025-09-18 02:55:38.368204+00,,,,,,,,,,,pending,,
5723,fr24_active_3c425dda,N623FB,normal,0,2025-09-18 04:25:38.366761+00,,,,,,,,,,,pending,,
