Timestamp,UTC,Callsign,Position,Altitude,Speed,Direction
1755601794,2025-08-19T11:09:54Z,N623FB,"33.684246,-112.081528",1825,10,241
1755601799,2025-08-19T11:09:59Z,N623FB,"33.683575,-112.082039",1925,99,189
1755601805,2025-08-19T11:10:05Z,N623FB,"33.678032,-112.083435",2000,100,189
1755601809,2025-08-19T11:10:09Z,N623FB,"33.675934,-112.083862",2025,104,189
1755601811,2025-08-19T11:10:11Z,N623FB,"33.675003,-112.084061",2025,107,189
1755601814,2025-08-19T11:10:14Z,N623FB,"33.673782,-112.084312",2025,109,189
1755601816,2025-08-19T11:10:16Z,N623FB,"33.672775,-112.08448",2025,110,189
1755601825,2025-08-19T11:10:25Z,N623FB,"33.668114,-112.085495",2050,115,190
1755601831,2025-08-19T11:10:31Z,N623FB,"33.664719,-112.08622",2050,118,191
1755601838,2025-08-19T11:10:38Z,N623FB,"33.660782,-112.087173",2050,120,191
1755601845,2025-08-19T11:10:45Z,N623FB,"33.657314,-112.088074",2025,122,191
1755601854,2025-08-19T11:10:54Z,N623FB,"33.6521,-112.089272",2025,122,189
1755601861,2025-08-19T11:11:01Z,N623FB,"33.648098,-112.090073",2025,120,190
1755601868,2025-08-19T11:11:08Z,N623FB,"33.644302,-112.090927",2050,118,190
1755601875,2025-08-19T11:11:15Z,N623FB,"33.640686,-112.091766",2050,117,192
1755601884,2025-08-19T11:11:24Z,N623FB,"33.635807,-112.093048",2075,117,192
1755601890,2025-08-19T11:11:30Z,N623FB,"33.632504,-112.093964",2100,117,192
1755601897,2025-08-19T11:11:37Z,N623FB,"33.628967,-112.094849",2100,117,188
1755601901,2025-08-19T11:11:41Z,N623FB,"33.626591,-112.095169",2100,118,186
1755601903,2025-08-19T11:11:43Z,N623FB,"33.625427,-112.095276",2100,118,185
1755601905,2025-08-19T11:11:45Z,N623FB,"33.62431,-112.095451",2100,118,185
1755601908,2025-08-19T11:11:48Z,N623FB,"33.623005,-112.095566",2100,118,185
1755601910,2025-08-19T11:11:50Z,N623FB,"33.621826,-112.095695",2100,118,185
1755601912,2025-08-19T11:11:52Z,N623FB,"33.620544,-112.095863",2125,119,185
1755601914,2025-08-19T11:11:54Z,N623FB,"33.619308,-112.09597",2125,119,185
1755601917,2025-08-19T11:11:57Z,N623FB,"33.61821,-112.096138",2125,119,185
1755601919,2025-08-19T11:11:59Z,N623FB,"33.616974,-112.096252",2125,119,185
1755601921,2025-08-19T11:12:01Z,N623FB,"33.615555,-112.09642",2125,119,184
1755601923,2025-08-19T11:12:03Z,N623FB,"33.614719,-112.096481",2125,119,184
1755601932,2025-08-19T11:12:12Z,N623FB,"33.60997,-112.096939",2125,118,184
1755601941,2025-08-19T11:12:21Z,N623FB,"33.604843,-112.097427",2125,119,185
1755601947,2025-08-19T11:12:27Z,N623FB,"33.601265,-112.097969",2125,119,188
1755601952,2025-08-19T11:12:32Z,N623FB,"33.598846,-112.098381",2125,118,189
1755601960,2025-08-19T11:12:40Z,N623FB,"33.593956,-112.099228",2125,119,186
1755601967,2025-08-19T11:12:47Z,N623FB,"33.590378,-112.099503",2125,121,181
1755601969,2025-08-19T11:12:49Z,N623FB,"33.589233,-112.099556",2125,121,181
1755601972,2025-08-19T11:12:52Z,N623FB,"33.587448,-112.099556",2100,122,180
1755601974,2025-08-19T11:12:54Z,N623FB,"33.586323,-112.099571",2100,123,180
1755601977,2025-08-19T11:12:57Z,N623FB,"33.585022,-112.099617",2100,124,180
1755601979,2025-08-19T11:12:59Z,N623FB,"33.583786,-112.09967",2100,123,181
1755601981,2025-08-19T11:13:01Z,N623FB,"33.582504,-112.09967",2075,123,181
1755601983,2025-08-19T11:13:03Z,N623FB,"33.581436,-112.099747",2075,122,181
1755601985,2025-08-19T11:13:05Z,N623FB,"33.580177,-112.099747",2075,122,180
1755601987,2025-08-19T11:13:07Z,N623FB,"33.578751,-112.099785",2075,123,180
1755601994,2025-08-19T11:13:14Z,N623FB,"33.575226,-112.099785",2025,125,180
1755602001,2025-08-19T11:13:21Z,N623FB,"33.570961,-112.100029",2000,125,183
1755602009,2025-08-19T11:13:29Z,N623FB,"33.566116,-112.100403",2000,122,184
1755602014,2025-08-19T11:13:34Z,N623FB,"33.563557,-112.100662",1975,122,185
1755602016,2025-08-19T11:13:36Z,N623FB,"33.562302,-112.10083",1975,121,186
1755602018,2025-08-19T11:13:38Z,N623FB,"33.561184,-112.100998",1975,120,188
1755602020,2025-08-19T11:13:40Z,N623FB,"33.56002,-112.101173",1950,117,190
1755602022,2025-08-19T11:13:42Z,N623FB,"33.558884,-112.101524",1950,116,195
1755602025,2025-08-19T11:13:45Z,N623FB,"33.557739,-112.101974",1900,116,202
1755602027,2025-08-19T11:13:47Z,N623FB,"33.556458,-112.102753",1825,114,209
1755602029,2025-08-19T11:13:49Z,N623FB,"33.555691,-112.103287",1850,110,208
1755602032,2025-08-19T11:13:52Z,N623FB,"33.554482,-112.103806",1850,104,193
1755602034,2025-08-19T11:13:54Z,N623FB,"33.553574,-112.103874",1900,99,174
1755602036,2025-08-19T11:13:56Z,N623FB,"33.552711,-112.103462",1925,95,144
1755602038,2025-08-19T11:13:58Z,N623FB,"33.552155,-112.102722",1950,93,118
1755602040,2025-08-19T11:14:00Z,N623FB,"33.551971,-112.101357",1950,90,88
1755602042,2025-08-19T11:14:02Z,N623FB,"33.552246,-112.100677",1950,85,50
1755602045,2025-08-19T11:14:05Z,N623FB,"33.553024,-112.099953",1950,79,19
1755602047,2025-08-19T11:14:07Z,N623FB,"33.553829,-112.0998",1950,76,357
1755602049,2025-08-19T11:14:09Z,N623FB,"33.554535,-112.100006",1950,73,333
1755602051,2025-08-19T11:14:11Z,N623FB,"33.555222,-112.100677",1925,73,316
1755602053,2025-08-19T11:14:13Z,N623FB,"33.555588,-112.101357",1925,72,291
1755602056,2025-08-19T11:14:16Z,N623FB,"33.555691,-112.102142",1900,71,270
1755602058,2025-08-19T11:14:18Z,N623FB,"33.555542,-112.102921",1900,67,247
1755602060,2025-08-19T11:14:20Z,N623FB,"33.555225,-112.103516",1925,65,226
1755602062,2025-08-19T11:14:22Z,N623FB,"33.554764,-112.103874",1925,67,204
1755602065,2025-08-19T11:14:25Z,N623FB,"33.553986,-112.104156",1925,70,181
1755602067,2025-08-19T11:14:27Z,N623FB,"33.553223,-112.104095",1925,70,164
1755602069,2025-08-19T11:14:29Z,N623FB,"33.55257,-112.103691",1925,71,145
1755602071,2025-08-19T11:14:31Z,N623FB,"33.552013,-112.103058",1900,74,130
1755602074,2025-08-19T11:14:34Z,N623FB,"33.551548,-112.102036",1900,78,113
1755602076,2025-08-19T11:14:36Z,N623FB,"33.551422,-112.101189",1900,77,97
1755602078,2025-08-19T11:14:38Z,N623FB,"33.551456,-112.100258",1900,76,81
1755602080,2025-08-19T11:14:40Z,N623FB,"33.551735,-112.099518",1900,76,58
1755602082,2025-08-19T11:14:42Z,N623FB,"33.552338,-112.098717",1900,75,42
1755602084,2025-08-19T11:14:44Z,N623FB,"33.552887,-112.098381",1900,73,17
1755602086,2025-08-19T11:14:46Z,N623FB,"33.553665,-112.098267",1875,72,2
1755602088,2025-08-19T11:14:48Z,N623FB,"33.554169,-112.098381",1875,68,339
1755602091,2025-08-19T11:14:51Z,N623FB,"33.554855,-112.098778",1875,66,322
1755602093,2025-08-19T11:14:53Z,N623FB,"33.555271,-112.099342",1875,64,304
1755602095,2025-08-19T11:14:55Z,N623FB,"33.555588,-112.100006",1875,64,291
1755602097,2025-08-19T11:14:57Z,N623FB,"33.555771,-112.100677",1875,64,279
1755602099,2025-08-19T11:14:59Z,N623FB,"33.555817,-112.101524",1850,64,268
1755602101,2025-08-19T11:15:01Z,N623FB,"33.555679,-112.102303",1850,64,256
1755602104,2025-08-19T11:15:04Z,N623FB,"33.555496,-112.102982",1850,65,242
1755602106,2025-08-19T11:15:06Z,N623FB,"33.555084,-112.103638",1850,62,226
1755602108,2025-08-19T11:15:08Z,N623FB,"33.554619,-112.104149",1850,60,212
1755602110,2025-08-19T11:15:10Z,N623FB,"33.554031,-112.104439",1850,60,200
1755602112,2025-08-19T11:15:12Z,N623FB,"33.553436,-112.104546",1875,59,180
1755602114,2025-08-19T11:15:14Z,N623FB,"33.552853,-112.104431",1875,57,163
1755602117,2025-08-19T11:15:17Z,N623FB,"33.552387,-112.104095",1925,56,146
1755602119,2025-08-19T11:15:19Z,N623FB,"33.551971,-112.103653",1925,58,132
1755602121,2025-08-19T11:15:21Z,N623FB,"33.551651,-112.103088",1900,61,121
1755602123,2025-08-19T11:15:23Z,N623FB,"33.551376,-112.102478",1900,63,108
1755602125,2025-08-19T11:15:25Z,N623FB,"33.551224,-112.101631",1900,63,94
1755602127,2025-08-19T11:15:27Z,N623FB,"33.55127,-112.10112",1925,61,74
1755602130,2025-08-19T11:15:30Z,N623FB,"33.551605,-112.100288",1900,62,56
1755602132,2025-08-19T11:15:32Z,N623FB,"33.552063,-112.099731",1900,62,42
1755602134,2025-08-19T11:15:34Z,N623FB,"33.552567,-112.099388",1900,60,22
1755602136,2025-08-19T11:15:36Z,N623FB,"33.553253,-112.09922",1875,59,5
1755602139,2025-08-19T11:15:39Z,N623FB,"33.553875,-112.099342",1875,54,340
1755602141,2025-08-19T11:15:41Z,N623FB,"33.554386,-112.099686",1850,54,329
1755602143,2025-08-19T11:15:43Z,N623FB,"33.55481,-112.100067",1850,59,320
1755602145,2025-08-19T11:15:45Z,N623FB,"33.555222,-112.100571",1825,59,308
1755602147,2025-08-19T11:15:47Z,N623FB,"33.555542,-112.101128",1825,56,292
1755602150,2025-08-19T11:15:50Z,N623FB,"33.555679,-112.10186",1825,56,278
1755602152,2025-08-19T11:15:52Z,N623FB,"33.555679,-112.102646",1825,58,264
1755602154,2025-08-19T11:15:54Z,N623FB,"33.555496,-112.103371",1800,61,253
1755602156,2025-08-19T11:15:56Z,N623FB,"33.555271,-112.104095",1800,63,245
1755602158,2025-08-19T11:15:58Z,N623FB,"33.554947,-112.10466",1800,60,232
1755602161,2025-08-19T11:16:01Z,N623FB,"33.554573,-112.105064",1825,59,214
1755602163,2025-08-19T11:16:03Z,N623FB,"33.554031,-112.105446",1825,61,202
1755602165,2025-08-19T11:16:05Z,N623FB,"33.553364,-112.105637",1825,61,188
1755602167,2025-08-19T11:16:07Z,N623FB,"33.552803,-112.105576",1800,62,166
1755602169,2025-08-19T11:16:09Z,N623FB,"33.552155,-112.105278",1800,64,151
1755602171,2025-08-19T11:16:11Z,N623FB,"33.551651,-112.104774",1800,65,135
1755602174,2025-08-19T11:16:14Z,N623FB,"33.551315,-112.104263",1800,65,118
1755602176,2025-08-19T11:16:16Z,N623FB,"33.551056,-112.103539",1775,69,108
1755602178,2025-08-19T11:16:18Z,N623FB,"33.550873,-112.102585",1775,71,98
1755602180,2025-08-19T11:16:20Z,N623FB,"33.550919,-112.10186",1750,70,79
1755602182,2025-08-19T11:16:22Z,N623FB,"33.551147,-112.101128",1750,66,60
1755602184,2025-08-19T11:16:24Z,N623FB,"33.55164,-112.100372",1750,66,45
1755602186,2025-08-19T11:16:26Z,N623FB,"33.552013,-112.100029",1750,67,32
1755602189,2025-08-19T11:16:29Z,N623FB,"33.552757,-112.099625",1725,66,16
1755602191,2025-08-19T11:16:31Z,N623FB,"33.553345,-112.099556",1725,64,356
1755602193,2025-08-19T11:16:33Z,N623FB,"33.554062,-112.099747",1725,62,338
1755602195,2025-08-19T11:16:35Z,N623FB,"33.554619,-112.100143",1725,62,322
1755602198,2025-08-19T11:16:38Z,N623FB,"33.554947,-112.100716",1725,57,297
1755602200,2025-08-19T11:16:40Z,N623FB,"33.55513,-112.10141",1725,56,281
1755602202,2025-08-19T11:16:42Z,N623FB,"33.55513,-112.102081",1725,57,261
1755602205,2025-08-19T11:16:45Z,N623FB,"33.554901,-112.102867",1700,59,243
1755602207,2025-08-19T11:16:47Z,N623FB,"33.554535,-112.103485",1700,56,226
1755602209,2025-08-19T11:16:49Z,N623FB,"33.554031,-112.103874",1700,56,206
1755602212,2025-08-19T11:16:52Z,N623FB,"33.553482,-112.103989",1700,58,185
1755602214,2025-08-19T11:16:54Z,N623FB,"33.552841,-112.103935",1700,56,166
1755602216,2025-08-19T11:16:56Z,N623FB,"33.552292,-112.103653",1700,57,146
1755602218,2025-08-19T11:16:58Z,N623FB,"33.551834,-112.103203",1700,59,132
1755602221,2025-08-19T11:17:01Z,N623FB,"33.551514,-112.102646",1700,59,114
1755602223,2025-08-19T11:17:03Z,N623FB,"33.551361,-112.101913",1700,58,94
1755602225,2025-08-19T11:17:05Z,N623FB,"33.551422,-112.101295",1725,58,78
1755602227,2025-08-19T11:17:07Z,N623FB,"33.551605,-112.100677",1725,57,59
1755602229,2025-08-19T11:17:09Z,N623FB,"33.552017,-112.100067",1725,56,46
1755602231,2025-08-19T11:17:11Z,N623FB,"33.552429,-112.09967",1750,55,35
1755602234,2025-08-19T11:17:14Z,N623FB,"33.552979,-112.099335",1750,51,19
1755602236,2025-08-19T11:17:16Z,N623FB,"33.553482,-112.099281",1750,50,11
1755602238,2025-08-19T11:17:18Z,N623FB,"33.553921,-112.099342",1750,48,344
1755602240,2025-08-19T11:17:20Z,N623FB,"33.554386,-112.099571",1750,49,326
1755602242,2025-08-19T11:17:22Z,N623FB,"33.554852,-112.100082",1750,50,311
1755602245,2025-08-19T11:17:25Z,N623FB,"33.555084,-112.100487",1750,51,303
1755602247,2025-08-19T11:17:27Z,N623FB,"33.555317,-112.101173",1750,51,285
1755602249,2025-08-19T11:17:29Z,N623FB,"33.555405,-112.101799",1750,53,272
1755602251,2025-08-19T11:17:31Z,N623FB,"33.555317,-112.102493",1750,53,259
1755602254,2025-08-19T11:17:34Z,N623FB,"33.55513,-112.103149",1750,55,243
1755602256,2025-08-19T11:17:36Z,N623FB,"33.554806,-112.103691",1750,57,232
1755602258,2025-08-19T11:17:38Z,N623FB,"33.554398,-112.104156",1775,56,214
1755602260,2025-08-19T11:17:40Z,N623FB,"33.553875,-112.104431",1775,56,201
1755602263,2025-08-19T11:17:43Z,N623FB,"33.553436,-112.104607",1775,56,182
1755602265,2025-08-19T11:17:45Z,N623FB,"33.552795,-112.104546",1775,56,171
1755602267,2025-08-19T11:17:47Z,N623FB,"33.552246,-112.104324",1775,56,152
1755602269,2025-08-19T11:17:49Z,N623FB,"33.551689,-112.103867",1800,55,136
1755602272,2025-08-19T11:17:52Z,N623FB,"33.551331,-112.103256",1800,56,122
1755602274,2025-08-19T11:17:54Z,N623FB,"33.551128,-112.102661",1800,58,106
1755602276,2025-08-19T11:17:56Z,N623FB,"33.551083,-112.101974",1800,61,91
1755602278,2025-08-19T11:17:58Z,N623FB,"33.551193,-112.101128",1775,62,77
1755602280,2025-08-19T11:18:00Z,N623FB,"33.551331,-112.100624",1775,62,62
1755602282,2025-08-19T11:18:02Z,N623FB,"33.551743,-112.100006",1775,60,43
1755602285,2025-08-19T11:18:05Z,N623FB,"33.552292,-112.099571",1775,60,29
1755602287,2025-08-19T11:18:07Z,N623FB,"33.552711,-112.099342",1775,58,14
1755602289,2025-08-19T11:18:09Z,N623FB,"33.553482,-112.09922",1775,59,1
1755602291,2025-08-19T11:18:11Z,N623FB,"33.554016,-112.099396",1775,57,344
1755602293,2025-08-19T11:18:13Z,N623FB,"33.554482,-112.099625",1775,55,328
1755602295,2025-08-19T11:18:15Z,N623FB,"33.554901,-112.100067",1775,55,315
1755602298,2025-08-19T11:18:18Z,N623FB,"33.55518,-112.10054",1775,55,299
1755602300,2025-08-19T11:18:20Z,N623FB,"33.555359,-112.101128",1775,55,282
1755602302,2025-08-19T11:18:22Z,N623FB,"33.555458,-112.101913",1775,55,267
1755602304,2025-08-19T11:18:24Z,N623FB,"33.555313,-112.102646",1775,53,254
1755602306,2025-08-19T11:18:26Z,N623FB,"33.555084,-112.103149",1775,54,237
1755602309,2025-08-19T11:18:29Z,N623FB,"33.554718,-112.103706",1775,54,225
1755602311,2025-08-19T11:18:31Z,N623FB,"33.55434,-112.104034",1775,54,208
1755602313,2025-08-19T11:18:33Z,N623FB,"33.553738,-112.104324",1775,54,193
1755602315,2025-08-19T11:18:35Z,N623FB,"33.553318,-112.104378",1775,57,180
1755602317,2025-08-19T11:18:37Z,N623FB,"33.552795,-112.104324",1775,56,167
1755602319,2025-08-19T11:18:39Z,N623FB,"33.552246,-112.104095",1775,56,152
1755602321,2025-08-19T11:18:41Z,N623FB,"33.551826,-112.103745",1775,55,138
1755602323,2025-08-19T11:18:43Z,N623FB,"33.551376,-112.103149",1800,56,123
1755602325,2025-08-19T11:18:45Z,N623FB,"33.551193,-112.102699",1800,57,113
1755602328,2025-08-19T11:18:48Z,N623FB,"33.551037,-112.101974",1800,58,100
1755602330,2025-08-19T11:18:50Z,N623FB,"33.550991,-112.101173",1825,58,87
1755602332,2025-08-19T11:18:52Z,N623FB,"33.551037,-112.10054",1825,59,77
1755602334,2025-08-19T11:18:54Z,N623FB,"33.551224,-112.099915",1825,60,65
1755602336,2025-08-19T11:18:56Z,N623FB,"33.551594,-112.099289",1850,58,45
1755602338,2025-08-19T11:18:58Z,N623FB,"33.552017,-112.098885",1850,57,32
1755602341,2025-08-19T11:19:01Z,N623FB,"33.552612,-112.098549",1850,57,18
1755602343,2025-08-19T11:19:03Z,N623FB,"33.553177,-112.09848",1850,59,6
1755602345,2025-08-19T11:19:05Z,N623FB,"33.553875,-112.098602",1850,60,346
1755602347,2025-08-19T11:19:07Z,N623FB,"33.554436,-112.098831",1850,61,328
1755602350,2025-08-19T11:19:10Z,N623FB,"33.554901,-112.099228",1850,62,321
1755602352,2025-08-19T11:19:12Z,N623FB,"33.555405,-112.099953",1875,63,305
1755602354,2025-08-19T11:19:14Z,N623FB,"33.555737,-112.100601",1875,65,293
1755602356,2025-08-19T11:19:16Z,N623FB,"33.555954,-112.101463",1875,64,280
1755602359,2025-08-19T11:19:19Z,N623FB,"33.555969,-112.102142",1900,63,264
1755602361,2025-08-19T11:19:21Z,N623FB,"33.555832,-112.10289",1900,60,245
1755602363,2025-08-19T11:19:23Z,N623FB,"33.555458,-112.103516",1900,59,227
1755602365,2025-08-19T11:19:25Z,N623FB,"33.555038,-112.10392",1900,60,210
1755602368,2025-08-19T11:19:28Z,N623FB,"33.554306,-112.104271",1900,63,196
1755602370,2025-08-19T11:19:30Z,N623FB,"33.553738,-112.104378",1900,66,185
1755602372,2025-08-19T11:19:32Z,N623FB,"33.553024,-112.104439",1900,69,175
1755602374,2025-08-19T11:19:34Z,N623FB,"33.552338,-112.104324",1900,71,166
1755602377,2025-08-19T11:19:37Z,N623FB,"33.551559,-112.103989",1900,71,155
1755602379,2025-08-19T11:19:39Z,N623FB,"33.551056,-112.103653",1900,70,139
1755602381,2025-08-19T11:19:41Z,N623FB,"33.550617,-112.103058",1925,70,125
1755602383,2025-08-19T11:19:43Z,N623FB,"33.550198,-112.102142",1925,72,113
1755602385,2025-08-19T11:19:45Z,N623FB,"33.550056,-112.101517",1925,74,100
1755602387,2025-08-19T11:19:47Z,N623FB,"33.550011,-112.100433",1925,75,88
1755602389,2025-08-19T11:19:49Z,N623FB,"33.550095,-112.09967",1925,75,77
1755602392,2025-08-19T11:19:52Z,N623FB,"33.550369,-112.098717",1925,74,62
1755602394,2025-08-19T11:19:54Z,N623FB,"33.550873,-112.097931",1900,75,50
1755602396,2025-08-19T11:19:56Z,N623FB,"33.551548,-112.097282",1900,71,33
1755602399,2025-08-19T11:19:59Z,N623FB,"33.552013,-112.097",1900,70,23
1755602401,2025-08-19T11:20:01Z,N623FB,"33.552944,-112.096771",1925,68,7
1755602403,2025-08-19T11:20:03Z,N623FB,"33.553619,-112.096756",1900,66,351
1755602405,2025-08-19T11:20:05Z,N623FB,"33.554249,-112.097",1900,64,337
1755602408,2025-08-19T11:20:08Z,N623FB,"33.554764,-112.097374",1900,64,325
1755602410,2025-08-19T11:20:10Z,N623FB,"33.555313,-112.097992",1875,64,315
1755602412,2025-08-19T11:20:12Z,N623FB,"33.555782,-112.098602",1875,63,304
1755602415,2025-08-19T11:20:15Z,N623FB,"33.556137,-112.099335",1875,62,294
1755602417,2025-08-19T11:20:17Z,N623FB,"33.556389,-112.100029",1875,63,289
1755602419,2025-08-19T11:20:19Z,N623FB,"33.55653,-112.100716",1875,63,281
1755602422,2025-08-19T11:20:22Z,N623FB,"33.556641,-112.101578",1875,63,274
1755602424,2025-08-19T11:20:24Z,N623FB,"33.556641,-112.102531",1875,63,268
1755602426,2025-08-19T11:20:26Z,N623FB,"33.556576,-112.103233",1875,62,257
1755602428,2025-08-19T11:20:28Z,N623FB,"33.556366,-112.103935",1900,60,245
1755602430,2025-08-19T11:20:30Z,N623FB,"33.556065,-112.104431",1900,58,235
1755602432,2025-08-19T11:20:32Z,N623FB,"33.555679,-112.104942",1925,57,218
1755602435,2025-08-19T11:20:35Z,N623FB,"33.555222,-112.105278",1925,59,208
1755602437,2025-08-19T11:20:37Z,N623FB,"33.554535,-112.10556",1950,61,195
1755602439,2025-08-19T11:20:39Z,N623FB,"33.553875,-112.105698",1950,64,184
1755602441,2025-08-19T11:20:41Z,N623FB,"33.553299,-112.105667",1950,63,174
1755602444,2025-08-19T11:20:44Z,N623FB,"33.552612,-112.105499",1975,65,161
1755602446,2025-08-19T11:20:46Z,N623FB,"33.551922,-112.105118",1975,67,147
1755602449,2025-08-19T11:20:49Z,N623FB,"33.551285,-112.104546",1975,69,133
1755602451,2025-08-19T11:20:51Z,N623FB,"33.550873,-112.103874",1975,71,121
1755602453,2025-08-19T11:20:53Z,N623FB,"33.550507,-112.103088",2000,71,114
1755602455,2025-08-19T11:20:55Z,N623FB,"33.550278,-112.102196",2000,71,106
1755602458,2025-08-19T11:20:58Z,N623FB,"33.55014,-112.101295",2000,71,100
1755602460,2025-08-19T11:21:00Z,N623FB,"33.550056,-112.10054",2025,69,90
1755602462,2025-08-19T11:21:02Z,N623FB,"33.550152,-112.099571",2025,70,80
1755602465,2025-08-19T11:21:05Z,N623FB,"33.550339,-112.09877",2025,70,69
1755602467,2025-08-19T11:21:07Z,N623FB,"33.55069,-112.097992",2050,69,57
1755602469,2025-08-19T11:21:09Z,N623FB,"33.551224,-112.097282",2050,68,43
1755602471,2025-08-19T11:21:11Z,N623FB,"33.551788,-112.096809",2050,65,30
1755602473,2025-08-19T11:21:13Z,N623FB,"33.552387,-112.096542",2050,65,18
1755602475,2025-08-19T11:21:15Z,N623FB,"33.55299,-112.09642",2050,62,7
1755602478,2025-08-19T11:21:18Z,N623FB,"33.553551,-112.09642",2050,60,355
1755602480,2025-08-19T11:21:20Z,N623FB,"33.554203,-112.096542",2050,58,343
1755602482,2025-08-19T11:21:22Z,N623FB,"33.55481,-112.09687",2050,57,334
1755602484,2025-08-19T11:21:24Z,N623FB,"33.555267,-112.097153",2050,57,327
1755602487,2025-08-19T11:21:27Z,N623FB,"33.555771,-112.097656",2050,57,318
1755602489,2025-08-19T11:21:29Z,N623FB,"33.556156,-112.098145",2025,58,312
1755602491,2025-08-19T11:21:31Z,N623FB,"33.556412,-112.098495",2025,59,303
1755602493,2025-08-19T11:21:33Z,N623FB,"33.556763,-112.099228",2000,61,298
1755602495,2025-08-19T11:21:35Z,N623FB,"33.556995,-112.099854",2000,62,290
1755602497,2025-08-19T11:21:37Z,N623FB,"33.557144,-112.100571",1975,61,278
1755602499,2025-08-19T11:21:39Z,N623FB,"33.55719,-112.101242",1975,61,266
1755602501,2025-08-19T11:21:41Z,N623FB,"33.557053,-112.102028",1950,61,254
1755602504,2025-08-19T11:21:44Z,N623FB,"33.556824,-112.102646",1950,62,240
1755602506,2025-08-19T11:21:46Z,N623FB,"33.556484,-112.103287",1925,63,230
1755602508,2025-08-19T11:21:48Z,N623FB,"33.556,-112.103935",1900,64,223
1755602510,2025-08-19T11:21:50Z,N623FB,"33.555504,-112.104378",1900,64,217
1755602512,2025-08-19T11:21:52Z,N623FB,"33.554993,-112.104774",1900,63,210
1755602515,2025-08-19T11:21:55Z,N623FB,"33.554398,-112.10511",1900,62,198
1755602517,2025-08-19T11:21:57Z,N623FB,"33.553848,-112.105278",1900,63,189
1755602519,2025-08-19T11:21:59Z,N623FB,"33.553253,-112.105331",1875,65,180
1755602521,2025-08-19T11:22:01Z,N623FB,"33.55262,-112.10524",1875,65,165
1755602523,2025-08-19T11:22:03Z,N623FB,"33.551872,-112.104889",1875,64,152
1755602525,2025-08-19T11:22:05Z,N623FB,"33.551407,-112.104431",1875,65,138
1755602527,2025-08-19T11:22:07Z,N623FB,"33.551056,-112.103935",1900,64,122
1755602529,2025-08-19T11:22:09Z,N623FB,"33.550735,-112.103256",1900,64,114
1755602531,2025-08-19T11:22:11Z,N623FB,"33.550571,-112.102661",1900,64,98
1755602534,2025-08-19T11:22:14Z,N623FB,"33.550522,-112.101685",1875,65,89
1755602536,2025-08-19T11:22:16Z,N623FB,"33.550598,-112.100845",1875,65,77
1755602538,2025-08-19T11:22:18Z,N623FB,"33.55085,-112.100082",1875,65,69
1755602540,2025-08-19T11:22:20Z,N623FB,"33.551128,-112.099396",1875,64,58
1755602543,2025-08-19T11:22:23Z,N623FB,"33.551651,-112.098663",1875,62,46
1755602545,2025-08-19T11:22:25Z,N623FB,"33.552063,-112.098213",1875,60,35
1755602547,2025-08-19T11:22:27Z,N623FB,"33.552521,-112.097931",1875,59,25
1755602549,2025-08-19T11:22:29Z,N623FB,"33.553162,-112.09771",1875,60,12
1755602551,2025-08-19T11:22:31Z,N623FB,"33.553688,-112.097626",1875,61,359
1755602553,2025-08-19T11:22:33Z,N623FB,"33.554295,-112.09774",1875,59,344
1755602556,2025-08-19T11:22:36Z,N623FB,"33.554901,-112.098083",1875,58,329
1755602558,2025-08-19T11:22:38Z,N623FB,"33.555313,-112.098549",1875,58,310
1755602560,2025-08-19T11:22:40Z,N623FB,"33.555634,-112.099052",1850,59,301
1755602562,2025-08-19T11:22:42Z,N623FB,"33.555923,-112.099625",1850,60,295
1755602564,2025-08-19T11:22:44Z,N623FB,"33.556137,-112.100403",1850,60,286
1755602566,2025-08-19T11:22:46Z,N623FB,"33.556229,-112.101128",1850,60,274
1755602569,2025-08-19T11:22:49Z,N623FB,"33.556229,-112.101913",1850,60,266
1755602571,2025-08-19T11:22:51Z,N623FB,"33.556137,-112.102478",1850,58,255
1755602573,2025-08-19T11:22:53Z,N623FB,"33.555954,-112.103149",1850,58,244
1755602575,2025-08-19T11:22:55Z,N623FB,"33.555645,-112.103806",1850,59,236
1755602577,2025-08-19T11:22:57Z,N623FB,"33.555267,-112.104324",1825,60,221
1755602579,2025-08-19T11:22:59Z,N623FB,"33.554806,-112.104721",1850,61,210
1755602581,2025-08-19T11:23:01Z,N623FB,"33.554153,-112.105118",1825,62,202
1755602584,2025-08-19T11:23:04Z,N623FB,"33.553665,-112.105225",1825,61,188
1755602586,2025-08-19T11:23:06Z,N623FB,"33.552979,-112.105278",1825,62,176
1755602588,2025-08-19T11:23:08Z,N623FB,"33.552292,-112.105049",1825,64,164
1755602590,2025-08-19T11:23:10Z,N623FB,"33.551605,-112.104713",1850,65,153
1755602593,2025-08-19T11:23:13Z,N623FB,"33.551102,-112.104324",1850,67,142
1755602595,2025-08-19T11:23:15Z,N623FB,"33.55069,-112.10376",1875,68,126
1755602597,2025-08-19T11:23:17Z,N623FB,"33.550278,-112.102867",1875,72,117
1755602600,2025-08-19T11:23:20Z,N623FB,"33.550049,-112.102135",1875,74,100
1755602602,2025-08-19T11:23:22Z,N623FB,"33.549965,-112.100945",1875,75,88
1755602604,2025-08-19T11:23:24Z,N623FB,"33.550056,-112.100082",1875,75,75
1755602606,2025-08-19T11:23:26Z,N623FB,"33.550289,-112.099342",1875,74,65
1755602608,2025-08-19T11:23:28Z,N623FB,"33.550781,-112.098495",1900,71,51
1755602611,2025-08-19T11:23:31Z,N623FB,"33.551315,-112.097855",1900,71,39
1755602613,2025-08-19T11:23:33Z,N623FB,"33.551834,-112.097488",1925,67,27
1755602615,2025-08-19T11:23:35Z,N623FB,"33.552612,-112.097092",1925,62,16
1755602618,2025-08-19T11:23:38Z,N623FB,"33.553131,-112.097054",1950,60,3
1755602620,2025-08-19T11:23:40Z,N623FB,"33.553688,-112.097054",1950,57,351
1755602622,2025-08-19T11:23:42Z,N623FB,"33.554352,-112.09726",1975,55,340
1755602624,2025-08-19T11:23:44Z,N623FB,"33.554855,-112.097595",1975,53,324
1755602626,2025-08-19T11:23:46Z,N623FB,"33.555134,-112.097916",1975,55,319
1755602629,2025-08-19T11:23:49Z,N623FB,"33.555588,-112.098442",1975,56,309
1755602631,2025-08-19T11:23:51Z,N623FB,"33.555923,-112.098938",1975,57,307
1755602633,2025-08-19T11:23:53Z,N623FB,"33.55632,-112.099617",1975,56,303
1755602635,2025-08-19T11:23:55Z,N623FB,"33.556549,-112.100006",1975,55,298
1755602637,2025-08-19T11:23:57Z,N623FB,"33.556808,-112.10083",2000,57,290
1755602640,2025-08-19T11:24:00Z,N623FB,"33.55695,-112.101456",2000,60,282
1755602642,2025-08-19T11:24:02Z,N623FB,"33.557087,-112.102264",1975,62,276
1755602644,2025-08-19T11:24:04Z,N623FB,"33.557144,-112.103088",1975,64,271
1755602647,2025-08-19T11:24:07Z,N623FB,"33.557133,-112.103973",1950,63,266
1755602649,2025-08-19T11:24:09Z,N623FB,"33.557053,-112.104607",1950,62,260
1755602651,2025-08-19T11:24:11Z,N623FB,"33.55695,-112.105293",1975,62,254
1755602653,2025-08-19T11:24:13Z,N623FB,"33.556686,-112.106232",1950,62,249
1755602655,2025-08-19T11:24:15Z,N623FB,"33.556458,-112.106903",1975,63,243
1755602658,2025-08-19T11:24:18Z,N623FB,"33.556156,-112.107468",1950,63,240
1755602660,2025-08-19T11:24:20Z,N623FB,"33.555771,-112.108192",1950,61,235
1755602662,2025-08-19T11:24:22Z,N623FB,"33.555405,-112.108696",1975,60,226
1755602664,2025-08-19T11:24:24Z,N623FB,"33.554901,-112.109238",1975,62,216
1755602666,2025-08-19T11:24:26Z,N623FB,"33.554352,-112.109596",1975,65,201
1755602668,2025-08-19T11:24:28Z,N623FB,"33.553642,-112.109756",1950,69,187
1755602671,2025-08-19T11:24:31Z,N623FB,"33.552979,-112.109703",1925,70,164
1755602673,2025-08-19T11:24:33Z,N623FB,"33.552387,-112.109299",1925,72,144
1755602675,2025-08-19T11:24:35Z,N623FB,"33.551971,-112.108528",1950,75,112
1755602677,2025-08-19T11:24:37Z,N623FB,"33.551781,-112.107635",1900,80,103
1755602679,2025-08-19T11:24:39Z,N623FB,"33.551548,-112.106552",1900,82,104
1755602682,2025-08-19T11:24:42Z,N623FB,"33.551376,-112.105728",1900,84,106
1755602684,2025-08-19T11:24:44Z,N623FB,"33.551056,-112.10466",1875,85,106
1755602686,2025-08-19T11:24:46Z,N623FB,"33.550804,-112.103691",1875,86,108
1755602688,2025-08-19T11:24:48Z,N623FB,"33.550571,-112.102776",1875,86,108
1755602690,2025-08-19T11:24:50Z,N623FB,"33.550278,-112.101631",1875,85,104
1755602692,2025-08-19T11:24:52Z,N623FB,"33.550152,-112.100662",1875,82,96
1755602695,2025-08-19T11:24:55Z,N623FB,"33.550152,-112.099518",1900,79,82
1755602697,2025-08-19T11:24:57Z,N623FB,"33.550369,-112.098717",1925,78,67
1755602700,2025-08-19T11:25:00Z,N623FB,"33.55085,-112.097855",1925,76,47
1755602702,2025-08-19T11:25:02Z,N623FB,"33.551407,-112.097282",1925,77,35
1755602704,2025-08-19T11:25:04Z,N623FB,"33.552155,-112.096756",1925,77,23
1755602706,2025-08-19T11:25:06Z,N623FB,"33.552898,-112.096542",1925,76,9
1755602709,2025-08-19T11:25:09Z,N623FB,"33.553783,-112.096481",1925,74,356
1755602711,2025-08-19T11:25:11Z,N623FB,"33.554482,-112.09671",1925,70,344
1755602713,2025-08-19T11:25:13Z,N623FB,"33.555084,-112.097038",1925,65,323
1755602715,2025-08-19T11:25:15Z,N623FB,"33.555542,-112.097542",1925,63,307
1755602717,2025-08-19T11:25:17Z,N623FB,"33.555862,-112.098099",1925,64,292
1755602719,2025-08-19T11:25:19Z,N623FB,"33.556137,-112.098999",1950,69,289
1755602722,2025-08-19T11:25:22Z,N623FB,"33.556435,-112.099854",1900,78,294
1755602724,2025-08-19T11:25:24Z,N623FB,"33.55687,-112.100571",1875,87,315
1755602726,2025-08-19T11:25:26Z,N623FB,"33.557693,-112.101288",1850,91,331
1755602728,2025-08-19T11:25:28Z,N623FB,"33.558483,-112.101631",1850,93,344
1755602730,2025-08-19T11:25:30Z,N623FB,"33.559616,-112.101799",1875,97,358
1755602733,2025-08-19T11:25:33Z,N623FB,"33.560673,-112.101685",1900,100,6
1755602737,2025-08-19T11:25:37Z,N623FB,"33.562683,-112.101357",1900,104,6
1755602740,2025-08-19T11:25:40Z,N623FB,"33.563782,-112.101242",1900,105,5
1755602742,2025-08-19T11:25:42Z,N623FB,"33.564816,-112.10112",1925,107,4
1755602744,2025-08-19T11:25:44Z,N623FB,"33.565979,-112.100998",1925,108,3
1755602746,2025-08-19T11:25:46Z,N623FB,"33.567261,-112.100906",1950,109,3
1755602748,2025-08-19T11:25:48Z,N623FB,"33.568176,-112.100845",1950,110,2
1755602750,2025-08-19T11:25:50Z,N623FB,"33.569183,-112.100792",1950,111,3
1755602752,2025-08-19T11:25:52Z,N623FB,"33.570263,-112.100716",1950,112,3
1755602754,2025-08-19T11:25:54Z,N623FB,"33.571289,-112.100677",1975,114,2
1755602757,2025-08-19T11:25:57Z,N623FB,"33.572433,-112.100624",1975,115,2
1755602759,2025-08-19T11:25:59Z,N623FB,"33.573662,-112.10054",2000,116,1
1755602761,2025-08-19T11:26:01Z,N623FB,"33.574814,-112.10051",2000,117,1
1755602763,2025-08-19T11:26:03Z,N623FB,"33.57608,-112.100487",2000,119,1
1755602765,2025-08-19T11:26:05Z,N623FB,"33.577332,-112.100456",2000,119,1
1755602767,2025-08-19T11:26:07Z,N623FB,"33.578407,-112.100372",2025,119,1
1755602774,2025-08-19T11:26:14Z,N623FB,"33.581909,-112.100342",2025,123,357
1755602776,2025-08-19T11:26:16Z,N623FB,"33.583054,-112.100342",2000,125,358
1755602784,2025-08-19T11:26:24Z,N623FB,"33.588093,-112.100433",2000,125,358
1755602787,2025-08-19T11:26:27Z,N623FB,"33.589256,-112.100487",2025,124,357
1755602793,2025-08-19T11:26:33Z,N623FB,"33.593216,-112.100739",2050,123,357
1755602800,2025-08-19T11:26:40Z,N623FB,"33.597153,-112.100845",2100,121,359
1755602803,2025-08-19T11:26:43Z,N623FB,"33.598564,-112.100769",2100,122,2
1755602805,2025-08-19T11:26:45Z,N623FB,"33.599682,-112.100716",2100,122,4
1755602807,2025-08-19T11:26:47Z,N623FB,"33.6008,-112.100601",2125,122,5
1755602809,2025-08-19T11:26:49Z,N623FB,"33.602142,-112.100456",2125,122,5
1755602811,2025-08-19T11:26:51Z,N623FB,"33.603176,-112.100311",2125,122,6
1755602813,2025-08-19T11:26:53Z,N623FB,"33.604755,-112.100082",2150,122,6
1755602816,2025-08-19T11:26:56Z,N623FB,"33.60585,-112.099953",2150,123,6
1755602818,2025-08-19T11:26:58Z,N623FB,"33.606945,-112.0998",2150,123,6
1755602820,2025-08-19T11:27:00Z,N623FB,"33.608528,-112.099571",2150,123,6
1755602822,2025-08-19T11:27:02Z,N623FB,"33.609741,-112.099388",2150,124,7
1755602824,2025-08-19T11:27:04Z,N623FB,"33.610901,-112.099167",2175,123,9
1755602826,2025-08-19T11:27:06Z,N623FB,"33.612064,-112.098938",2175,123,9
1755602829,2025-08-19T11:27:09Z,N623FB,"33.61322,-112.098663",2200,122,10
1755602831,2025-08-19T11:27:11Z,N623FB,"33.614628,-112.098373",2200,123,10
1755602833,2025-08-19T11:27:13Z,N623FB,"33.615509,-112.098198",2225,122,10
1755602835,2025-08-19T11:27:15Z,N623FB,"33.616768,-112.097916",2225,122,10
1755602837,2025-08-19T11:27:17Z,N623FB,"33.618164,-112.097595",2250,123,11
1755602840,2025-08-19T11:27:20Z,N623FB,"33.619492,-112.09726",2250,123,11
1755602842,2025-08-19T11:27:22Z,N623FB,"33.620636,-112.096985",2250,124,12
1755602844,2025-08-19T11:27:24Z,N623FB,"33.621841,-112.096649",2225,124,12
1755602846,2025-08-19T11:27:26Z,N623FB,"33.622959,-112.096367",2250,125,11
1755602848,2025-08-19T11:27:28Z,N623FB,"33.624527,-112.09597",2250,126,11
1755602850,2025-08-19T11:27:30Z,N623FB,"33.625614,-112.09568",2250,126,12
1755602853,2025-08-19T11:27:33Z,N623FB,"33.626961,-112.095337",2225,126,13
1755602859,2025-08-19T11:27:39Z,N623FB,"33.630661,-112.094292",2275,124,12
1755602866,2025-08-19T11:27:46Z,N623FB,"33.634369,-112.093224",2275,127,14
1755602871,2025-08-19T11:27:51Z,N623FB,"33.637066,-112.092361",2250,128,17
1755602873,2025-08-19T11:27:53Z,N623FB,"33.638412,-112.091789",2250,128,19
1755602876,2025-08-19T11:27:56Z,N623FB,"33.639816,-112.091209",2250,128,19
1755602878,2025-08-19T11:27:58Z,N623FB,"33.640881,-112.090698",2250,128,19
1755602880,2025-08-19T11:28:00Z,N623FB,"33.642231,-112.090134",2250,128,20
1755602882,2025-08-19T11:28:02Z,N623FB,"33.643349,-112.089615",2225,128,20
1755602884,2025-08-19T11:28:04Z,N623FB,"33.644421,-112.089096",2200,128,21
1755602886,2025-08-19T11:28:06Z,N623FB,"33.645584,-112.088516",2200,127,23
1755602888,2025-08-19T11:28:08Z,N623FB,"33.646935,-112.087784",2200,125,24
1755602890,2025-08-19T11:28:10Z,N623FB,"33.64801,-112.087173",2200,123,25
1755602893,2025-08-19T11:28:13Z,N623FB,"33.649063,-112.086609",2200,123,24
1755602895,2025-08-19T11:28:15Z,N623FB,"33.650333,-112.085892",2200,121,24
1755602897,2025-08-19T11:28:17Z,N623FB,"33.651306,-112.085381",2200,120,24
1755602899,2025-08-19T11:28:19Z,N623FB,"33.652313,-112.084816",2200,119,24
1755602902,2025-08-19T11:28:22Z,N623FB,"33.653595,-112.084091",2200,118,26
1755602904,2025-08-19T11:28:24Z,N623FB,"33.654877,-112.083359",2200,117,26
1755602906,2025-08-19T11:28:26Z,N623FB,"33.655918,-112.082748",2200,117,27
1755602908,2025-08-19T11:28:28Z,N623FB,"33.656891,-112.082069",2200,116,28
1755602910,2025-08-19T11:28:30Z,N623FB,"33.657944,-112.081398",2175,115,29
1755602913,2025-08-19T11:28:33Z,N623FB,"33.658859,-112.080727",2175,115,30
1755602915,2025-08-19T11:28:35Z,N623FB,"33.660015,-112.079941",2175,114,31
1755602917,2025-08-19T11:28:37Z,N623FB,"33.661102,-112.079102",2175,112,32
1755602920,2025-08-19T11:28:40Z,N623FB,"33.662064,-112.078369",2150,112,32
1755602922,2025-08-19T11:28:42Z,N623FB,"33.662899,-112.077713",2150,111,31
1755602924,2025-08-19T11:28:44Z,N623FB,"33.663971,-112.076965",2150,110,30
1755602926,2025-08-19T11:28:46Z,N623FB,"33.664856,-112.076401",2125,108,29
1755602933,2025-08-19T11:28:53Z,N623FB,"33.667835,-112.07457",2100,103,24
1755602935,2025-08-19T11:28:55Z,N623FB,"33.668655,-112.074112",2075,99,22
1755602937,2025-08-19T11:28:57Z,N623FB,"33.669792,-112.073532",2075,97,21
1755602939,2025-08-19T11:28:59Z,N623FB,"33.670628,-112.07325",2075,93,18
1755602941,2025-08-19T11:29:01Z,N623FB,"33.671421,-112.072968",2050,89,13
1755602943,2025-08-19T11:29:03Z,N623FB,"33.672211,-112.072792",2025,85,10
1755602946,2025-08-19T11:29:06Z,N623FB,"33.673096,-112.072655",2000,80,4
1755602948,2025-08-19T11:29:08Z,N623FB,"33.673828,-112.072601",1975,76,2
1755602950,2025-08-19T11:29:10Z,N623FB,"33.674515,-112.072601",1950,72,358
1755602952,2025-08-19T11:29:12Z,N623FB,"33.675331,-112.072678",1950,69,355
1755602955,2025-08-19T11:29:15Z,N623FB,"33.67598,-112.072708",1900,66,353
1755602957,2025-08-19T11:29:17Z,N623FB,"33.676712,-112.072876",1875,63,350
1755602959,2025-08-19T11:29:19Z,N623FB,"33.677261,-112.07299",1875,61,348
1755602961,2025-08-19T11:29:21Z,N623FB,"33.677902,-112.073158",1850,59,348
1755602964,2025-08-19T11:29:24Z,N623FB,"33.678497,-112.073273",1825,56,347
1755602966,2025-08-19T11:29:26Z,N623FB,"33.679054,-112.073425",1800,54,347
1755602968,2025-08-19T11:29:28Z,N623FB,"33.679688,-112.073608",1775,53,347
1755602970,2025-08-19T11:29:30Z,N623FB,"33.680172,-112.073708",1750,50,348
1755602972,2025-08-19T11:29:32Z,N623FB,"33.680592,-112.073822",1750,49,350
1755602974,2025-08-19T11:29:34Z,N623FB,"33.681057,-112.073883",1725,47,351
1755602976,2025-08-19T11:29:36Z,N623FB,"33.681477,-112.07399",1700,46,352
1755602979,2025-08-19T11:29:39Z,N623FB,"33.681931,-112.074059",1675,45,353
1755602983,2025-08-19T11:29:43Z,N623FB,"33.682827,-112.074112",1650,41,358
1755602985,2025-08-19T11:29:45Z,N623FB,"33.683304,-112.074112",1625,39,358
1755602988,2025-08-19T11:29:48Z,N623FB,"33.683624,-112.074112",1625,36,358
1755602990,2025-08-19T11:29:50Z,N623FB,"33.684036,-112.074112",1600,34,358
1755602992,2025-08-19T11:29:52Z,N623FB,"33.684311,-112.074112",1600,31,358
1755602994,2025-08-19T11:29:54Z,N623FB,"33.684639,-112.074165",1575,28,358
1755602996,2025-08-19T11:29:56Z,N623FB,"33.684872,-112.074165",1550,25,358
1755602999,2025-08-19T11:29:59Z,N623FB,"33.685181,-112.074165",1550,23,358
1755603001,2025-08-19T11:30:01Z,N623FB,"33.685432,-112.074165",1525,21,357
1755603005,2025-08-19T11:30:05Z,N623FB,"33.685776,-112.074165",1500,16,357
1755603010,2025-08-19T11:30:10Z,N623FB,"33.68605,-112.074112",1475,12,9
1755603016,2025-08-19T11:30:16Z,N623FB,"33.686317,-112.074036",0,7,19
1755603028,2025-08-19T11:30:28Z,N623FB,"33.68652,-112.073914",0,1,2
